task_id,step,group,kl,epsilon,residual,dual,saturation
S2_e101_CP_P4_W0_TASK_ONLY,0,H,0.24338256319363913,0.12169128159681956,0.12169128159681956,0.5,0
S2_e101_CP_P4_W0_TASK_ONLY,0,U,0.12899520957412627,0.06449760478706314,0.06449760478706314,0.5,0
S2_e101_CP_P4_W0_TASK_ONLY,80,H,0.47469032804171246,0.12169128159681956,0.3529990464448929,0.5,0
S2_e101_CP_P4_W0_TASK_ONLY,80,U,0.2039447301425613,0.06449760478706314,0.13944712535549814,0.5,0
S2_e101_CP_P4_W0_TASK_ONLY,160,H,0.5211339096228281,0.12169128159681956,0.39944262802600855,0.5,0
S2_e101_CP_P4_W0_TASK_ONLY,160,U,0.21518219319673684,0.06449760478706314,0.1506845884096737,0.5,0
S2_e101_CP_P4_W0_TASK_ONLY,320,H,0.5456515451272329,0.12169128159681956,0.42396026353041333,0.5,0
S2_e101_CP_P4_W0_TASK_ONLY,320,U,0.21696396652035987,0.06449760478706314,0.15246636173329675,0.5,0
S2_e101_CP_P4_W1_KL_0.1,0,H,0.24338256319363913,0.12169128159681956,0.12169128159681956,0.5,0
S2_e101_CP_P4_W1_KL_0.1,0,U,0.12899520957412627,0.06449760478706314,0.06449760478706314,0.5,0
S2_e101_CP_P4_W1_KL_0.1,80,H,0.02210884541273117,0.12169128159681956,-0.0995824361840884,0.5,0
S2_e101_CP_P4_W1_KL_0.1,80,U,0.02309415088250087,0.06449760478706314,-0.041403453904562265,0.5,0
S2_e101_CP_P4_W1_KL_0.1,160,H,0.012020038751264414,0.12169128159681956,-0.10967124284555516,0.5,0
S2_e101_CP_P4_W1_KL_0.1,160,U,0.014913102396978782,0.06449760478706314,-0.049584502390084356,0.5,0
S2_e101_CP_P4_W1_KL_0.1,320,H,0.006364277098327875,0.12169128159681956,-0.11532700449849169,0.5,0
S2_e101_CP_P4_W1_KL_0.1,320,U,0.0075283259547387175,0.06449760478706314,-0.056969278832324416,0.5,0
S2_e101_CP_P4_W2_GROUP_CONSTRAINED,0,H,0.24338256319363913,0.12169128159681956,0.12169128159681956,0.5,0
S2_e101_CP_P4_W2_GROUP_CONSTRAINED,0,U,0.12899520957412627,0.06449760478706314,0.06449760478706314,0.5,0
S2_e101_CP_P4_W2_GROUP_CONSTRAINED,80,H,0.023970491563280422,0.12169128159681956,-0.09772079003353915,0.0,0
S2_e101_CP_P4_W2_GROUP_CONSTRAINED,80,U,0.023642307004103295,0.06449760478706314,-0.04085529778295984,0.0,0
S2_e101_CP_P4_W2_GROUP_CONSTRAINED,160,H,0.08937907715638478,0.12169128159681956,-0.03231220444043478,0.0,0
S2_e101_CP_P4_W2_GROUP_CONSTRAINED,160,U,0.04638713881230125,0.06449760478706314,-0.01811046597476189,0.0,0
S2_e101_CP_P4_W2_GROUP_CONSTRAINED,320,H,0.10719685504833858,0.12169128159681956,-0.014494426548480988,0.0,0
S2_e101_CP_P4_W2_GROUP_CONSTRAINED,320,U,0.05208855032777557,0.06449760478706314,-0.012409054459287569,0.0,0
S2_e101_CP_L16_W2_GROUP_CONSTRAINED,0,H,0.24342707792917886,0.12169128159681956,0.1217357963323593,0.5,0
S2_e101_CP_L16_W2_GROUP_CONSTRAINED,0,U,0.12894592942813268,0.06449760478706314,0.06444832464106955,0.5,0
S2_e101_CP_L16_W2_GROUP_CONSTRAINED,80,H,0.0038932745810598135,0.12169128159681956,-0.11779800701575975,0.0,0
S2_e101_CP_L16_W2_GROUP_CONSTRAINED,80,U,0.003506256173400638,0.06449760478706314,-0.0609913486136625,0.0,0
S2_e101_CP_L16_W2_GROUP_CONSTRAINED,160,H,0.004340596807499726,0.12169128159681956,-0.11735068478931984,0.0,0
S2_e101_CP_L16_W2_GROUP_CONSTRAINED,160,U,0.0036207928743141773,0.06449760478706314,-0.06087681191274896,0.0,0
S2_e101_CP_L16_W2_GROUP_CONSTRAINED,320,H,0.004542131908237934,0.12169128159681956,-0.11714914968858163,0.0,0
S2_e101_CP_L16_W2_GROUP_CONSTRAINED,320,U,0.0037206198948507127,0.06449760478706314,-0.06077698489221242,0.0,0
S2_e102_CP_P4_W0_TASK_ONLY,0,H,0.16167540848255157,0.08083770424127579,0.08083770424127579,0.5,0
S2_e102_CP_P4_W0_TASK_ONLY,0,U,0.0610579279434335,0.03052896397171675,0.03052896397171675,0.5,0
S2_e102_CP_P4_W0_TASK_ONLY,80,H,0.31492650508880615,0.08083770424127579,0.23408880084753036,0.5,0
S2_e102_CP_P4_W0_TASK_ONLY,80,U,0.09663424406400216,0.03052896397171675,0.0661052800922854,0.5,0
S2_e102_CP_P4_W0_TASK_ONLY,160,H,0.33840981125831604,0.08083770424127579,0.25757210701704025,0.5,0
S2_e102_CP_P4_W0_TASK_ONLY,160,U,0.1001710496576769,0.03052896397171675,0.06964208568596014,0.5,0
S2_e102_CP_P4_W0_TASK_ONLY,320,H,0.34467846155166626,0.08083770424127579,0.2638407573103905,0.5,0
S2_e102_CP_P4_W0_TASK_ONLY,320,U,0.10112710309580766,0.03052896397171675,0.07059813912409091,0.5,0
S2_e102_CP_P4_W1_KL_0.1,0,H,0.16167540848255157,0.08083770424127579,0.08083770424127579,0.5,0
S2_e102_CP_P4_W1_KL_0.1,0,U,0.0610579279434335,0.03052896397171675,0.03052896397171675,0.5,0
S2_e102_CP_P4_W1_KL_0.1,80,H,0.06889528781175613,0.08083770424127579,-0.011942416429519653,0.5,0
S2_e102_CP_P4_W1_KL_0.1,80,U,0.020486956753302366,0.03052896397171675,-0.010042007218414386,0.5,0
S2_e102_CP_P4_W1_KL_0.1,160,H,0.06606698036193848,0.08083770424127579,-0.01477072387933731,0.5,0
S2_e102_CP_P4_W1_KL_0.1,160,U,0.010899719715650593,0.03052896397171675,-0.01962924425606616,0.5,0
S2_e102_CP_P4_W1_KL_0.1,320,H,0.06501055508852005,0.08083770424127579,-0.015827149152755737,0.5,0
S2_e102_CP_P4_W1_KL_0.1,320,U,0.005557973752729595,0.03052896397171675,-0.024970990218987157,0.5,0
S2_e102_CP_P4_W2_GROUP_CONSTRAINED,0,H,0.16167540848255157,0.08083770424127579,0.08083770424127579,0.5,0
S2_e102_CP_P4_W2_GROUP_CONSTRAINED,0,U,0.0610579279434335,0.03052896397171675,0.03052896397171675,0.5,0
S2_e102_CP_P4_W2_GROUP_CONSTRAINED,80,H,0.02579849399626255,0.08083770424127579,-0.05503921024501324,0.0,0
S2_e102_CP_P4_W2_GROUP_CONSTRAINED,80,U,0.015259126267795051,0.03052896397171675,-0.0152698377039217,0.19911430551160803,0
S2_e102_CP_P4_W2_GROUP_CONSTRAINED,160,H,0.08860840648412704,0.08083770424127579,0.007770702242851257,0.004577731409463759,0
S2_e102_CP_P4_W2_GROUP_CONSTRAINED,160,U,0.03590772020314554,0.03052896397171675,0.005378756231428788,0.11636509483785556,0
S2_e102_CP_P4_W2_GROUP_CONSTRAINED,320,H,0.05536635220050812,0.08083770424127579,-0.02547135204076767,0.020405623948054712,0
S2_e102_CP_P4_W2_GROUP_CONSTRAINED,320,U,0.020084342626172917,0.03052896397171675,-0.010444621345543834,0.0,0
S2_e102_CP_L16_W2_GROUP_CONSTRAINED,0,H,0.1616687923669815,0.08083770424127579,0.08083108812570572,0.5,0
S2_e102_CP_L16_W2_GROUP_CONSTRAINED,0,U,0.06106004947962772,0.03052896397171675,0.030531085507910966,0.5,0
S2_e102_CP_L16_W2_GROUP_CONSTRAINED,80,H,0.11304982751607895,0.08083770424127579,0.03221212327480316,0.0023727307398657637,0
S2_e102_CP_L16_W2_GROUP_CONSTRAINED,80,U,0.00361061286925438,0.03052896397171675,-0.026918351102462372,0.14591687984106616,0
S2_e102_CP_L16_W2_GROUP_CONSTRAINED,160,H,0.024701127782464027,0.08083770424127579,-0.05613657645881176,0.04668947785209404,0
S2_e102_CP_L16_W2_GROUP_CONSTRAINED,160,U,0.008185621026703822,0.03052896397171675,-0.02234334294501293,0.0,0
S2_e102_CP_L16_W2_GROUP_CONSTRAINED,320,H,0.061076946556568146,0.08083770424127579,-0.01976075768470764,0.0,0
S2_e102_CP_L16_W2_GROUP_CONSTRAINED,320,U,0.008367610448788452,0.03052896397171675,-0.0221613535229283,0.0,0
S2_e103_CP_P4_W0_TASK_ONLY,0,H,0.16757816076278687,0.08378908038139343,0.08378908038139343,0.5,0
S2_e103_CP_P4_W0_TASK_ONLY,0,U,0.10662448651523196,0.05331224325761598,0.05331224325761598,0.5,0
S2_e103_CP_P4_W0_TASK_ONLY,80,H,0.3732697665691376,0.08378908038139343,0.28948068618774414,0.5,0
S2_e103_CP_P4_W0_TASK_ONLY,80,U,0.1673588075625178,0.05331224325761598,0.11404656430490183,0.5,0
S2_e103_CP_P4_W0_TASK_ONLY,160,H,0.43618106842041016,0.08378908038139343,0.3523919880390167,0.5,0
S2_e103_CP_P4_W0_TASK_ONLY,160,U,0.18369789853126609,0.05331224325761598,0.1303856552736501,0.5,0
S2_e103_CP_P4_W0_TASK_ONLY,320,H,0.49284958839416504,0.08378908038139343,0.4090605080127716,0.5,0
S2_e103_CP_P4_W0_TASK_ONLY,320,U,0.20371623379677267,0.05331224325761598,0.1504039905391567,0.5,0
S2_e103_CP_P4_W1_KL_0.1,0,H,0.16757816076278687,0.08378908038139343,0.08378908038139343,0.5,0
S2_e103_CP_P4_W1_KL_0.1,0,U,0.10662448651523196,0.05331224325761598,0.05331224325761598,0.5,0
S2_e103_CP_P4_W1_KL_0.1,80,H,0.08558961749076843,0.08378908038139343,0.001800537109375,0.5,0
S2_e103_CP_P4_W1_KL_0.1,80,U,0.04547070180082561,0.05331224325761598,-0.00784154145679037,0.5,0
S2_e103_CP_P4_W1_KL_0.1,160,H,0.08554080128669739,0.08378908038139343,0.001751720905303955,0.5,0
S2_e103_CP_P4_W1_KL_0.1,160,U,0.02570090686536527,0.05331224325761598,-0.027611336392250708,0.5,0
S2_e103_CP_P4_W1_KL_0.1,320,H,0.08541206270456314,0.08378908038139343,0.0016229823231697083,0.5,0
S2_e103_CP_P4_W1_KL_0.1,320,U,0.015821183008873568,0.05331224325761598,-0.03749106024874241,0.5,0
S2_e103_CP_P4_W2_GROUP_CONSTRAINED,0,H,0.16757816076278687,0.08378908038139343,0.08378908038139343,0.5,0
S2_e103_CP_P4_W2_GROUP_CONSTRAINED,0,U,0.10662448651523196,0.05331224325761598,0.05331224325761598,0.5,0
S2_e103_CP_P4_W2_GROUP_CONSTRAINED,80,H,0.026315998286008835,0.08378908038139343,-0.0574730820953846,0.14260441743984045,0
S2_e103_CP_P4_W2_GROUP_CONSTRAINED,80,U,0.030332986124059453,0.05331224325761598,-0.022979257133556526,0.4305688440219994,0
S2_e103_CP_P4_W2_GROUP_CONSTRAINED,160,H,0.09503365308046341,0.08378908038139343,0.011244572699069977,0.004642935249871345,0
S2_e103_CP_P4_W2_GROUP_CONSTRAINED,160,U,0.0626824243185443,0.05331224325761598,0.009370181060928323,0.05260310546833039,0
S2_e103_CP_P4_W2_GROUP_CONSTRAINED,320,H,0.07787178456783295,0.08378908038139343,-0.005917295813560486,0.1429042889576082,0
S2_e103_CP_P4_W2_GROUP_CONSTRAINED,320,U,0.029675285764304653,0.05331224325761598,-0.023636957493311326,0.0,0
S2_e103_CP_L16_W2_GROUP_CONSTRAINED,0,H,0.16754624247550964,0.08378908038139343,0.08375716209411621,0.5,0
S2_e103_CP_L16_W2_GROUP_CONSTRAINED,0,U,0.10670532637907724,0.05331224325761598,0.053393083121461266,0.5,0
S2_e103_CP_L16_W2_GROUP_CONSTRAINED,80,H,0.005126988980919123,0.08378908038139343,-0.07866209140047431,0.0,0
S2_e103_CP_L16_W2_GROUP_CONSTRAINED,80,U,0.003619893836522741,0.05331224325761598,-0.04969234942109324,0.06587719368869857,0
S2_e103_CP_L16_W2_GROUP_CONSTRAINED,160,H,0.02142702415585518,0.08378908038139343,-0.062362056225538254,0.0,0
S2_e103_CP_L16_W2_GROUP_CONSTRAINED,160,U,0.012441678292816505,0.05331224325761598,-0.040870564964799475,0.0,0
S2_e103_CP_L16_W2_GROUP_CONSTRAINED,320,H,0.06913883984088898,0.08378908038139343,-0.014650240540504456,0.0,0
S2_e103_CP_L16_W2_GROUP_CONSTRAINED,320,U,0.02090282296610115,0.05331224325761598,-0.032409420291514834,0.0,0
S2_e104_CP_P4_W0_TASK_ONLY,0,H,0.3922816514968872,0.1961408257484436,0.1961408257484436,0.5,0
S2_e104_CP_P4_W0_TASK_ONLY,0,U,0.14823450620930928,0.07411725310465464,0.07411725310465464,0.5,0
S2_e104_CP_P4_W0_TASK_ONLY,80,H,0.5843304395675659,0.1961408257484436,0.3881896138191223,0.5,0
S2_e104_CP_P4_W0_TASK_ONLY,80,U,0.21682236873759672,0.07411725310465464,0.14270511563294208,0.5,0
S2_e104_CP_P4_W0_TASK_ONLY,160,H,0.6441708207130432,0.1961408257484436,0.4480299949645996,0.5,0
S2_e104_CP_P4_W0_TASK_ONLY,160,U,0.23880692184544527,0.07411725310465464,0.16468966874079063,0.5,0
S2_e104_CP_P4_W0_TASK_ONLY,320,H,0.6912928819656372,0.1961408257484436,0.4951520562171936,0.5,0
S2_e104_CP_P4_W0_TASK_ONLY,320,U,0.27725176828411907,0.07411725310465464,0.20313451517946443,0.5,0
S2_e104_CP_P4_W1_KL_0.1,0,H,0.3922816514968872,0.1961408257484436,0.1961408257484436,0.5,0
S2_e104_CP_P4_W1_KL_0.1,0,U,0.14823450620930928,0.07411725310465464,0.07411725310465464,0.5,0
S2_e104_CP_P4_W1_KL_0.1,80,H,0.044996911038955055,0.1961408257484436,-0.15114391470948854,0.5,0
S2_e104_CP_P4_W1_KL_0.1,80,U,0.02773630663824196,0.07411725310465464,-0.04638094646641268,0.5,0
S2_e104_CP_P4_W1_KL_0.1,160,H,0.02034362529714902,0.1961408257484436,-0.17579720045129457,0.5,0
S2_e104_CP_P4_W1_KL_0.1,160,U,0.017563286076228205,0.07411725310465464,-0.05655396702842644,0.5,0
S2_e104_CP_P4_W1_KL_0.1,320,H,0.008296703143666187,0.1961408257484436,-0.18784412260477742,0.5,0
S2_e104_CP_P4_W1_KL_0.1,320,U,0.007455728921251228,0.07411725310465464,-0.06666152418340342,0.5,0
S2_e104_CP_P4_W2_GROUP_CONSTRAINED,0,H,0.3922816514968872,0.1961408257484436,0.1961408257484436,0.5,0
S2_e104_CP_P4_W2_GROUP_CONSTRAINED,0,U,0.14823450620930928,0.07411725310465464,0.07411725310465464,0.5,0
S2_e104_CP_P4_W2_GROUP_CONSTRAINED,80,H,0.03562367334961891,0.1961408257484436,-0.1605171523988247,0.0,0
S2_e104_CP_P4_W2_GROUP_CONSTRAINED,80,U,0.022543058856032215,0.07411725310465464,-0.051574194248622425,0.0,0
S2_e104_CP_P4_W2_GROUP_CONSTRAINED,160,H,0.11989944179852803,0.1961408257484436,-0.07624138394991557,0.0,0
S2_e104_CP_P4_W2_GROUP_CONSTRAINED,160,U,0.045301673002541065,0.07411725310465464,-0.028815580102113575,0.0,0
S2_e104_CP_P4_W2_GROUP_CONSTRAINED,320,H,0.1873393009106318,0.1961408257484436,-0.008801524837811797,0.0,0
S2_e104_CP_P4_W2_GROUP_CONSTRAINED,320,U,0.05957592178422671,0.07411725310465464,-0.014541331320427932,0.0,0
S2_e104_CP_L16_W2_GROUP_CONSTRAINED,0,H,0.39223577578862506,0.1961408257484436,0.19609495004018146,0.5,0
S2_e104_CP_L16_W2_GROUP_CONSTRAINED,0,U,0.14821041461366874,0.07411725310465464,0.0740931615090141,0.5,0
S2_e104_CP_L16_W2_GROUP_CONSTRAINED,80,H,0.009121999454994997,0.1961408257484436,-0.1870188262934486,0.0,0
S2_e104_CP_L16_W2_GROUP_CONSTRAINED,80,U,0.007436886044720618,0.07411725310465464,-0.06668036705993402,0.0,0
S2_e104_CP_L16_W2_GROUP_CONSTRAINED,160,H,0.00976467877626419,0.1961408257484436,-0.1863761469721794,0.0,0
S2_e104_CP_L16_W2_GROUP_CONSTRAINED,160,U,0.007635387032328604,0.07411725310465464,-0.06648186607232603,0.0,0
S2_e104_CP_L16_W2_GROUP_CONSTRAINED,320,H,0.010348595989247164,0.1961408257484436,-0.18579222975919643,0.0,0
S2_e104_CP_L16_W2_GROUP_CONSTRAINED,320,U,0.0078032305732799265,0.07411725310465464,-0.06631402253137471,0.0,0
S2_e105_CP_P4_W0_TASK_ONLY,0,H,0.2729709893465042,0.1364854946732521,0.1364854946732521,0.5,0
S2_e105_CP_P4_W0_TASK_ONLY,0,U,0.05656212693653428,0.02828106346826714,0.02828106346826714,0.5,0
S2_e105_CP_P4_W0_TASK_ONLY,80,H,0.4777543346087138,0.1364854946732521,0.3412688399354617,0.5,0
S2_e105_CP_P4_W0_TASK_ONLY,80,U,0.08001650936113527,0.02828106346826714,0.05173544589286813,0.5,0
S2_e105_CP_P4_W0_TASK_ONLY,160,H,0.5085622469584147,0.1364854946732521,0.37207675228516257,0.5,0
S2_e105_CP_P4_W0_TASK_ONLY,160,U,0.0756823020772292,0.02828106346826714,0.04740123860896206,0.5,0
S2_e105_CP_P4_W0_TASK_ONLY,320,H,0.526749054590861,0.1364854946732521,0.39026355991760886,0.5,0
S2_e105_CP_P4_W0_TASK_ONLY,320,U,0.06339607910754588,0.02828106346826714,0.03511501563927874,0.5,0
S2_e105_CP_P4_W1_KL_0.1,0,H,0.2729709893465042,0.1364854946732521,0.1364854946732521,0.5,0
S2_e105_CP_P4_W1_KL_0.1,0,U,0.05656212693653428,0.02828106346826714,0.02828106346826714,0.5,0
S2_e105_CP_P4_W1_KL_0.1,80,H,0.03344229981303215,0.1364854946732521,-0.10304319486021996,0.5,0
S2_e105_CP_P4_W1_KL_0.1,80,U,0.010029598613842748,0.02828106346826714,-0.01825146485442439,0.5,0
S2_e105_CP_P4_W1_KL_0.1,160,H,0.01680675335228443,0.1364854946732521,-0.11967874132096767,0.5,0
S2_e105_CP_P4_W1_KL_0.1,160,U,0.005707532283850014,0.02828106346826714,-0.022573531184417125,0.5,0
S2_e105_CP_P4_W1_KL_0.1,320,H,0.007809126594414313,0.1364854946732521,-0.12867636807883778,0.5,0
S2_e105_CP_P4_W1_KL_0.1,320,U,0.0028055209326199614,0.02828106346826714,-0.025475542535647176,0.5,0
S2_e105_CP_P4_W2_GROUP_CONSTRAINED,0,H,0.2729709893465042,0.1364854946732521,0.1364854946732521,0.5,0
S2_e105_CP_P4_W2_GROUP_CONSTRAINED,0,U,0.05656212693653428,0.02828106346826714,0.02828106346826714,0.5,0
S2_e105_CP_P4_W2_GROUP_CONSTRAINED,80,H,0.042585679640372597,0.1364854946732521,-0.0938998150328795,0.0,0
S2_e105_CP_P4_W2_GROUP_CONSTRAINED,80,U,0.009000924209920833,0.02828106346826714,-0.019280139258346304,0.0,0
S2_e105_CP_P4_W2_GROUP_CONSTRAINED,160,H,0.1166634460290273,0.1364854946732521,-0.019822048644224807,0.0,0
S2_e105_CP_P4_W2_GROUP_CONSTRAINED,160,U,0.018350508189401947,0.02828106346826714,-0.009930555278865192,0.0,0
S2_e105_CP_P4_W2_GROUP_CONSTRAINED,320,H,0.11834512154261272,0.1364854946732521,-0.01814037313063939,0.0,0
S2_e105_CP_P4_W2_GROUP_CONSTRAINED,320,U,0.020296484231948853,0.02828106346826714,-0.007984579236318286,0.0,0
S2_e105_CP_L16_W2_GROUP_CONSTRAINED,0,H,0.2728660802046458,0.1364854946732521,0.1363805855313937,0.5,0
S2_e105_CP_L16_W2_GROUP_CONSTRAINED,0,U,0.05659222783735739,0.02828106346826714,0.028311164369090248,0.5,0
S2_e105_CP_L16_W2_GROUP_CONSTRAINED,80,H,0.002743216541906198,0.1364854946732521,-0.1337422781313459,0.0,0
S2_e105_CP_L16_W2_GROUP_CONSTRAINED,80,U,0.007550368331766759,0.02828106346826714,-0.02073069513650038,0.0,0
S2_e105_CP_L16_W2_GROUP_CONSTRAINED,160,H,0.0028452364106973014,0.1364854946732521,-0.1336402582625548,0.0,0
S2_e105_CP_L16_W2_GROUP_CONSTRAINED,160,U,0.008856937712362897,0.02828106346826714,-0.019424125755904242,0.0,0
S2_e105_CP_L16_W2_GROUP_CONSTRAINED,320,H,0.003246531899397572,0.1364854946732521,-0.13323896277385452,0.0,0
S2_e105_CP_L16_W2_GROUP_CONSTRAINED,320,U,0.009097800301298356,0.02828106346826714,-0.019183263166968785,0.0,0
S2_e106_CP_P4_W0_TASK_ONLY,0,H,0.3943132658799489,0.19715663293997446,0.19715663293997446,0.5,0
S2_e106_CP_P4_W0_TASK_ONLY,0,U,0.07776580847656497,0.03888290423828249,0.03888290423828249,0.5,0
S2_e106_CP_P4_W0_TASK_ONLY,80,H,0.6228295763333639,0.19715663293997446,0.42567294339338946,0.5,0
S2_e106_CP_P4_W0_TASK_ONLY,80,U,0.12426799944100472,0.03888290423828249,0.08538509520272224,0.5,0
S2_e106_CP_P4_W0_TASK_ONLY,160,H,0.6665520866711935,0.19715663293997446,0.46939545373121905,0.5,0
S2_e106_CP_P4_W0_TASK_ONLY,160,U,0.12096513544495863,0.03888290423828249,0.08208223120667614,0.5,0
S2_e106_CP_P4_W0_TASK_ONLY,320,H,0.6416450540224711,0.19715663293997446,0.44448842108249664,0.5,0
S2_e106_CP_P4_W0_TASK_ONLY,320,U,0.10691204507691929,0.03888290423828249,0.0680291408386368,0.5,0
S2_e106_CP_P4_W1_KL_0.1,0,H,0.3943132658799489,0.19715663293997446,0.19715663293997446,0.5,0
S2_e106_CP_P4_W1_KL_0.1,0,U,0.07776580847656497,0.03888290423828249,0.03888290423828249,0.5,0
S2_e106_CP_P4_W1_KL_0.1,80,H,0.03376827326913675,0.19715663293997446,-0.1633883596708377,0.5,0
S2_e106_CP_P4_W1_KL_0.1,80,U,0.011151951182490358,0.03888290423828249,-0.02773095305579213,0.5,0
S2_e106_CP_P4_W1_KL_0.1,160,H,0.015334801437954107,0.19715663293997446,-0.18182183150202036,0.5,0
S2_e106_CP_P4_W1_KL_0.1,160,U,0.008079621591605246,0.03888290423828249,-0.03080328264667724,0.5,0
S2_e106_CP_P4_W1_KL_0.1,320,H,0.0052029007735351724,0.19715663293997446,-0.1919537321664393,0.5,0
S2_e106_CP_P4_W1_KL_0.1,320,U,0.0035638648013655958,0.03888290423828249,-0.03531903943691689,0.5,0
S2_e106_CP_P4_W2_GROUP_CONSTRAINED,0,H,0.3943132658799489,0.19715663293997446,0.19715663293997446,0.5,0
S2_e106_CP_P4_W2_GROUP_CONSTRAINED,0,U,0.07776580847656497,0.03888290423828249,0.03888290423828249,0.5,0
S2_e106_CP_P4_W2_GROUP_CONSTRAINED,80,H,0.03215377777814865,0.19715663293997446,-0.1650028551618258,0.0,0
S2_e106_CP_P4_W2_GROUP_CONSTRAINED,80,U,0.009791192204619829,0.03888290423828249,-0.029091712033662658,0.0,0
S2_e106_CP_P4_W2_GROUP_CONSTRAINED,160,H,0.08582290261983871,0.19715663293997446,-0.11133373032013574,0.0,0
S2_e106_CP_P4_W2_GROUP_CONSTRAINED,160,U,0.016119824149287663,0.03888290423828249,-0.022763080088994823,0.0,0
S2_e106_CP_P4_W2_GROUP_CONSTRAINED,320,H,0.14598155518372855,0.19715663293997446,-0.05117507775624591,0.0,0
S2_e106_CP_P4_W2_GROUP_CONSTRAINED,320,U,0.022430137946055487,0.03888290423828249,-0.016452766292227,0.0,0
S2_e106_CP_L16_W2_GROUP_CONSTRAINED,0,H,0.394311120112737,0.19715663293997446,0.19715448717276254,0.5,0
S2_e106_CP_L16_W2_GROUP_CONSTRAINED,0,U,0.0777588952690936,0.03888290423828249,0.038875991030811116,0.5,0
S2_e106_CP_L16_W2_GROUP_CONSTRAINED,80,H,0.0055524203926324844,0.19715663293997446,-0.19160421254734197,0.0,0
S2_e106_CP_L16_W2_GROUP_CONSTRAINED,80,U,0.018948592218713693,0.03888290423828249,-0.019934312019568794,0.0,0
S2_e106_CP_L16_W2_GROUP_CONSTRAINED,160,H,0.006323562158892552,0.19715663293997446,-0.19083307078108191,0.0,0
S2_e106_CP_L16_W2_GROUP_CONSTRAINED,160,U,0.020803069695830345,0.03888290423828249,-0.01807983454245214,0.0,0
S2_e106_CP_L16_W2_GROUP_CONSTRAINED,320,H,0.0068618728158374625,0.19715663293997446,-0.19029476012413699,0.0,0
S2_e106_CP_L16_W2_GROUP_CONSTRAINED,320,U,0.021137810482356984,0.03888290423828249,-0.017745093755925503,0.0,0
S2_e107_CP_P4_W0_TASK_ONLY,0,H,0.09263372421264648,0.04631686210632324,0.04631686210632324,0.5,0
S2_e107_CP_P4_W0_TASK_ONLY,0,U,0.05406535985613508,0.02703267992806754,0.02703267992806754,0.5,0
S2_e107_CP_P4_W0_TASK_ONLY,80,H,0.16487880051136017,0.04631686210632324,0.11856193840503693,0.5,0
S2_e107_CP_P4_W0_TASK_ONLY,80,U,0.09199551158651177,0.02703267992806754,0.06496283165844423,0.5,0
S2_e107_CP_P4_W0_TASK_ONLY,160,H,0.18748970329761505,0.04631686210632324,0.1411728411912918,0.5,0
S2_e107_CP_P4_W0_TASK_ONLY,160,U,0.10058091630760048,0.02703267992806754,0.07354823637953294,0.5,0
S2_e107_CP_P4_W0_TASK_ONLY,320,H,0.20918670296669006,0.04631686210632324,0.16286984086036682,0.5,0
S2_e107_CP_P4_W0_TASK_ONLY,320,U,0.1102009266614914,0.02703267992806754,0.08316824673342385,0.5,0
S2_e107_CP_P4_W1_KL_0.1,0,H,0.09263372421264648,0.04631686210632324,0.04631686210632324,0.5,0
S2_e107_CP_P4_W1_KL_0.1,0,U,0.05406535985613508,0.02703267992806754,0.02703267992806754,0.5,0
S2_e107_CP_P4_W1_KL_0.1,80,H,0.05171562731266022,0.04631686210632324,0.005398765206336975,0.5,0
S2_e107_CP_P4_W1_KL_0.1,80,U,0.020702159248425493,0.02703267992806754,-0.006330520679642047,0.5,0
S2_e107_CP_P4_W1_KL_0.1,160,H,0.050050560384988785,0.04631686210632324,0.0037336982786655426,0.5,0
S2_e107_CP_P4_W1_KL_0.1,160,U,0.01684372522868216,0.02703267992806754,-0.01018895469938538,0.5,0
S2_e107_CP_P4_W1_KL_0.1,320,H,0.04909433424472809,0.04631686210632324,0.002777472138404846,0.5,0
S2_e107_CP_P4_W1_KL_0.1,320,U,0.011329759939274351,0.02703267992806754,-0.01570291998879319,0.5,0
S2_e107_CP_P4_W2_GROUP_CONSTRAINED,0,H,0.09263372421264648,0.04631686210632324,0.04631686210632324,0.5,0
S2_e107_CP_P4_W2_GROUP_CONSTRAINED,0,U,0.05406535985613508,0.02703267992806754,0.02703267992806754,0.5,0
S2_e107_CP_P4_W2_GROUP_CONSTRAINED,80,H,0.01124719437211752,0.04631686210632324,-0.03506966773420572,0.18537656016282167,0
S2_e107_CP_P4_W2_GROUP_CONSTRAINED,80,U,0.010163898226372632,0.02703267992806754,-0.01686878170169491,0.17654285301137335,0
S2_e107_CP_P4_W2_GROUP_CONSTRAINED,160,H,0.05210051313042641,0.04631686210632324,0.005783651024103165,0.0027099625883298785,0
S2_e107_CP_P4_W2_GROUP_CONSTRAINED,160,U,0.03463943453555528,0.02703267992806754,0.0076067546074877375,0.04954624438078219,0
S2_e107_CP_P4_W2_GROUP_CONSTRAINED,320,H,0.03205309435725212,0.04631686210632324,-0.014263767749071121,0.19129424001766032,0
S2_e107_CP_P4_W2_GROUP_CONSTRAINED,320,U,0.013056321111175098,0.02703267992806754,-0.013976358816892442,0.0,0
S2_e107_CP_L16_W2_GROUP_CONSTRAINED,0,H,0.0926516056060791,0.04631686210632324,0.04633474349975586,0.5,0
S2_e107_CP_L16_W2_GROUP_CONSTRAINED,0,U,0.05405752083087074,0.02703267992806754,0.027024840902803198,0.5,0
S2_e107_CP_L16_W2_GROUP_CONSTRAINED,80,H,0.035962097346782684,0.04631686210632324,-0.010354764759540558,0.0654768138466452,0
S2_e107_CP_L16_W2_GROUP_CONSTRAINED,80,U,0.0031569899001624435,0.02703267992806754,-0.023875690027905096,0.5126887148585199,0
S2_e107_CP_L16_W2_GROUP_CONSTRAINED,160,H,0.016170857474207878,0.04631686210632324,-0.030146004632115364,0.10789326122840731,0
S2_e107_CP_L16_W2_GROUP_CONSTRAINED,160,U,0.010061924624356575,0.02703267992806754,-0.016970755303710963,0.0,0
S2_e107_CP_L16_W2_GROUP_CONSTRAINED,320,H,0.03722438961267471,0.04631686210632324,-0.009092472493648529,0.0,0
S2_e107_CP_L16_W2_GROUP_CONSTRAINED,320,U,0.00471750451002403,0.02703267992806754,-0.02231517541804351,0.0,0
S2_e108_CP_P4_W0_TASK_ONLY,0,H,0.3431199789047241,0.17155998945236206,0.17155998945236206,0.5,0
S2_e108_CP_P4_W0_TASK_ONLY,0,U,0.12458149866702464,0.06229074933351232,0.06229074933351232,0.5,0
S2_e108_CP_P4_W0_TASK_ONLY,80,H,0.5808374881744385,0.17155998945236206,0.4092774987220764,0.5,0
S2_e108_CP_P4_W0_TASK_ONLY,80,U,0.19394318308108127,0.06229074933351232,0.13165243374756896,0.5,0
S2_e108_CP_P4_W0_TASK_ONLY,160,H,0.6255478461583456,0.17155998945236206,0.4539878567059835,0.5,0
S2_e108_CP_P4_W0_TASK_ONLY,160,U,0.18884029350458428,0.06229074933351232,0.12654954417107195,0.5,0
S2_e108_CP_P4_W0_TASK_ONLY,320,H,0.6468515197436014,0.17155998945236206,0.4752915302912394,0.5,0
S2_e108_CP_P4_W0_TASK_ONLY,320,U,0.16918237435703093,0.06229074933351232,0.10689162502351861,0.5,0
S2_e108_CP_P4_W1_KL_0.1,0,H,0.3431199789047241,0.17155998945236206,0.17155998945236206,0.5,0
S2_e108_CP_P4_W1_KL_0.1,0,U,0.12458149866702464,0.06229074933351232,0.06229074933351232,0.5,0
S2_e108_CP_P4_W1_KL_0.1,80,H,0.04927447438240051,0.17155998945236206,-0.12228551506996155,0.5,0
S2_e108_CP_P4_W1_KL_0.1,80,U,0.02132156605903919,0.06229074933351232,-0.04096918327447313,0.5,0
S2_e108_CP_P4_W1_KL_0.1,160,H,0.021855128308137257,0.17155998945236206,-0.1497048611442248,0.5,0
S2_e108_CP_P4_W1_KL_0.1,160,U,0.01319285635299121,0.06229074933351232,-0.04909789298052111,0.5,0
S2_e108_CP_P4_W1_KL_0.1,320,H,0.005820565701772769,0.17155998945236206,-0.16573942375058928,0.5,0
S2_e108_CP_P4_W1_KL_0.1,320,U,0.005288245899674411,0.06229074933351232,-0.05700250343383791,0.5,0
S2_e108_CP_P4_W2_GROUP_CONSTRAINED,0,H,0.3431199789047241,0.17155998945236206,0.17155998945236206,0.5,0
S2_e108_CP_P4_W2_GROUP_CONSTRAINED,0,U,0.12458149866702464,0.06229074933351232,0.06229074933351232,0.5,0
S2_e108_CP_P4_W2_GROUP_CONSTRAINED,80,H,0.06741786375641823,0.17155998945236206,-0.10414212569594383,0.0,0
S2_e108_CP_P4_W2_GROUP_CONSTRAINED,80,U,0.026759017437983017,0.06229074933351232,-0.0355317318955293,0.0,0
S2_e108_CP_P4_W2_GROUP_CONSTRAINED,160,H,0.1682036966085434,0.17155998945236206,-0.0033562928438186646,0.0,0
S2_e108_CP_P4_W2_GROUP_CONSTRAINED,160,U,0.05070635463254383,0.06229074933351232,-0.01158439470096849,0.0,0
S2_e108_CP_P4_W2_GROUP_CONSTRAINED,320,H,0.17816687126954397,0.17155998945236206,0.006606881817181914,0.013646141864586164,0
S2_e108_CP_P4_W2_GROUP_CONSTRAINED,320,U,0.054123758929423414,0.06229074933351232,-0.008166990404088907,0.0,0
S2_e108_CP_L16_W2_GROUP_CONSTRAINED,0,H,0.3429963191350301,0.17155998945236206,0.17143632968266803,0.5,0
S2_e108_CP_L16_W2_GROUP_CONSTRAINED,0,U,0.12454459934423749,0.06229074933351232,0.06225385001072517,0.5,0
S2_e108_CP_L16_W2_GROUP_CONSTRAINED,80,H,0.018063140101730824,0.17155998945236206,-0.15349684935063124,0.0,0
S2_e108_CP_L16_W2_GROUP_CONSTRAINED,80,U,0.008586146685187347,0.06229074933351232,-0.053704602648324974,0.0,0
S2_e108_CP_L16_W2_GROUP_CONSTRAINED,160,H,0.019072774176796276,0.17155998945236206,-0.15248721527556577,0.0,0
S2_e108_CP_L16_W2_GROUP_CONSTRAINED,160,U,0.008844069397757547,0.06229074933351232,-0.053446679935754776,0.0,0
S2_e108_CP_L16_W2_GROUP_CONSTRAINED,320,H,0.01987533364444971,0.17155998945236206,-0.15168465580791235,0.0,0
S2_e108_CP_L16_W2_GROUP_CONSTRAINED,320,U,0.008801732198872533,0.06229074933351232,-0.053489017134639785,0.0,0
S2_e109_CP_P4_W0_TASK_ONLY,0,H,0.2927499860525131,0.14637499302625656,0.14637499302625656,0.5,0
S2_e109_CP_P4_W0_TASK_ONLY,0,U,0.09632641057084713,0.04816320528542357,0.04816320528542357,0.5,0
S2_e109_CP_P4_W0_TASK_ONLY,80,H,0.5737254023551941,0.14637499302625656,0.42735040932893753,0.5,0
S2_e109_CP_P4_W0_TASK_ONLY,80,U,0.16550489889258252,0.04816320528542357,0.11734169360715896,0.5,0
S2_e109_CP_P4_W0_TASK_ONLY,160,H,0.6556178629398346,0.14637499302625656,0.509242869913578,0.5,0
S2_e109_CP_P4_W0_TASK_ONLY,160,U,0.18990825797664002,0.04816320528542357,0.14174505269121646,0.5,0
S2_e109_CP_P4_W0_TASK_ONLY,320,H,0.7155641615390778,0.14637499302625656,0.5691891685128212,0.5,0
S2_e109_CP_P4_W0_TASK_ONLY,320,U,0.2106564917402076,0.04816320528542357,0.16249328645478403,0.5,0
S2_e109_CP_P4_W1_KL_0.1,0,H,0.2927499860525131,0.14637499302625656,0.14637499302625656,0.5,0
S2_e109_CP_P4_W1_KL_0.1,0,U,0.09632641057084713,0.04816320528542357,0.04816320528542357,0.5,0
S2_e109_CP_P4_W1_KL_0.1,80,H,0.07963672280311584,0.14637499302625656,-0.06673827022314072,0.5,0
S2_e109_CP_P4_W1_KL_0.1,80,U,0.029305106985183165,0.04816320528542357,-0.018858098300240402,0.5,0
S2_e109_CP_P4_W1_KL_0.1,160,H,0.06543322838842869,0.14637499302625656,-0.08094176463782787,0.5,0
S2_e109_CP_P4_W1_KL_0.1,160,U,0.018772597291639874,0.04816320528542357,-0.029390607993783693,0.5,0
S2_e109_CP_P4_W1_KL_0.1,320,H,0.03362221457064152,0.14637499302625656,-0.11275277845561504,0.5,0
S2_e109_CP_P4_W1_KL_0.1,320,U,0.007305794453714043,0.04816320528542357,-0.040857410831709524,0.5,0
S2_e109_CP_P4_W2_GROUP_CONSTRAINED,0,H,0.2927499860525131,0.14637499302625656,0.14637499302625656,0.5,0
S2_e109_CP_P4_W2_GROUP_CONSTRAINED,0,U,0.09632641057084713,0.04816320528542357,0.04816320528542357,0.5,0
S2_e109_CP_P4_W2_GROUP_CONSTRAINED,80,H,0.029566679149866104,0.14637499302625656,-0.11680831387639046,0.0,0
S2_e109_CP_P4_W2_GROUP_CONSTRAINED,80,U,0.018378919231638844,0.04816320528542357,-0.029784286053784723,0.13639360901880182,0
S2_e109_CP_P4_W2_GROUP_CONSTRAINED,160,H,0.12705377116799355,0.14637499302625656,-0.019321221858263016,0.0,0
S2_e109_CP_P4_W2_GROUP_CONSTRAINED,160,U,0.04865164112665558,0.04816320528542357,0.00048843584123201,0.0,0
S2_e109_CP_P4_W2_GROUP_CONSTRAINED,320,H,0.1570289507508278,0.14637499302625656,0.010653957724571228,0.027262948236635862,0
S2_e109_CP_P4_W2_GROUP_CONSTRAINED,320,U,0.047553192516456226,0.04816320528542357,-0.0006100127689673412,0.018383206682281928,0
S2_e109_CP_L16_W2_GROUP_CONSTRAINED,0,H,0.29257526993751526,0.14637499302625656,0.1462002769112587,0.5,0
S2_e109_CP_L16_W2_GROUP_CONSTRAINED,0,U,0.09631364554765501,0.04816320528542357,0.04815044026223144,0.5,0
S2_e109_CP_L16_W2_GROUP_CONSTRAINED,80,H,0.010896349558606744,0.14637499302625656,-0.13547864346764982,0.0,0
S2_e109_CP_L16_W2_GROUP_CONSTRAINED,80,U,0.014991382785540606,0.04816320528542357,-0.03317182249988296,0.0,0
S2_e109_CP_L16_W2_GROUP_CONSTRAINED,160,H,0.026162751717492938,0.14637499302625656,-0.12021224130876362,0.0,0
S2_e109_CP_L16_W2_GROUP_CONSTRAINED,160,U,0.020284468998267715,0.04816320528542357,-0.027878736287155852,0.0,0
S2_e109_CP_L16_W2_GROUP_CONSTRAINED,320,H,0.03600049298256636,0.14637499302625656,-0.1103745000436902,0.0,0
S2_e109_CP_L16_W2_GROUP_CONSTRAINED,320,U,0.020472745660559406,0.04816320528542357,-0.02769045962486416,0.0,0
S2_e110_CP_P4_W0_TASK_ONLY,0,H,0.33986639976501465,0.16993319988250732,0.16993319988250732,0.5,0
S2_e110_CP_P4_W0_TASK_ONLY,0,U,0.05511920237248497,0.027559601186242486,0.027559601186242486,0.5,0
S2_e110_CP_P4_W0_TASK_ONLY,80,H,0.621737539768219,0.16993319988250732,0.45180433988571167,0.5,0
S2_e110_CP_P4_W0_TASK_ONLY,80,U,0.11553723681052881,0.027559601186242486,0.08797763562428633,0.5,0
S2_e110_CP_P4_W0_TASK_ONLY,160,H,0.6684357523918152,0.16993319988250732,0.49850255250930786,0.5,0
S2_e110_CP_P4_W0_TASK_ONLY,160,U,0.12106931927181515,0.027559601186242486,0.09350971808557267,0.5,0
S2_e110_CP_P4_W0_TASK_ONLY,320,H,0.6894715428352356,0.16993319988250732,0.5195383429527283,0.5,0
S2_e110_CP_P4_W0_TASK_ONLY,320,U,0.12109376013644838,0.027559601186242486,0.09353415895020589,0.5,0
S2_e110_CP_P4_W1_KL_0.1,0,H,0.33986639976501465,0.16993319988250732,0.16993319988250732,0.5,0
S2_e110_CP_P4_W1_KL_0.1,0,U,0.05511920237248497,0.027559601186242486,0.027559601186242486,0.5,0
S2_e110_CP_P4_W1_KL_0.1,80,H,0.1075427234172821,0.16993319988250732,-0.06239047646522522,0.5,0
S2_e110_CP_P4_W1_KL_0.1,80,U,0.012607221005185108,0.027559601186242486,-0.014952380181057379,0.5,0
S2_e110_CP_P4_W1_KL_0.1,160,H,0.10257984697818756,0.16993319988250732,-0.06735335290431976,0.5,0
S2_e110_CP_P4_W1_KL_0.1,160,U,0.009015171187846656,0.027559601186242486,-0.018544429998395832,0.5,0
S2_e110_CP_P4_W1_KL_0.1,320,H,0.10341185331344604,0.16993319988250732,-0.06652134656906128,0.5,0
S2_e110_CP_P4_W1_KL_0.1,320,U,0.0051729860715568066,0.027559601186242486,-0.02238661511468568,0.5,0
S2_e110_CP_P4_W2_GROUP_CONSTRAINED,0,H,0.33986639976501465,0.16993319988250732,0.16993319988250732,0.5,0
S2_e110_CP_P4_W2_GROUP_CONSTRAINED,0,U,0.05511920237248497,0.027559601186242486,0.027559601186242486,0.5,0
S2_e110_CP_P4_W2_GROUP_CONSTRAINED,80,H,0.053534019738435745,0.16993319988250732,-0.11639918014407158,0.0,0
S2_e110_CP_P4_W2_GROUP_CONSTRAINED,80,U,0.006982441742106208,0.027559601186242486,-0.020577159444136277,0.0,0
S2_e110_CP_P4_W2_GROUP_CONSTRAINED,160,H,0.16252578794956207,0.16993319988250732,-0.0074074119329452515,0.0,0
S2_e110_CP_P4_W2_GROUP_CONSTRAINED,160,U,0.019515918160323054,0.027559601186242486,-0.008043683025919433,0.003811291561442346,0
S2_e110_CP_P4_W2_GROUP_CONSTRAINED,320,H,0.18363894522190094,0.16993319988250732,0.013705745339393616,0.012295016456444369,0
S2_e110_CP_P4_W2_GROUP_CONSTRAINED,320,U,0.022858703729330694,0.027559601186242486,-0.004700897456911792,0.0,0
S2_e110_CP_L16_W2_GROUP_CONSTRAINED,0,H,0.3398481607437134,0.16993319988250732,0.16991496086120605,0.5,0
S2_e110_CP_L16_W2_GROUP_CONSTRAINED,0,U,0.05514006188604981,0.027559601186242486,0.02758046069980732,0.5,0
S2_e110_CP_L16_W2_GROUP_CONSTRAINED,80,H,0.14214934408664703,0.16993319988250732,-0.02778385579586029,0.0,0
S2_e110_CP_L16_W2_GROUP_CONSTRAINED,80,U,0.013001463802148854,0.027559601186242486,-0.014558137384093632,0.0,0
S2_e110_CP_L16_W2_GROUP_CONSTRAINED,160,H,0.2782258689403534,0.16993319988250732,0.10829266905784607,0.0,0
S2_e110_CP_L16_W2_GROUP_CONSTRAINED,160,U,0.03527864091821747,0.027559601186242486,0.007719039731974981,0.013499616076086407,0
S2_e110_CP_L16_W2_GROUP_CONSTRAINED,320,H,0.16561061143875122,0.16993319988250732,-0.0043225884437561035,0.0,0
S2_e110_CP_L16_W2_GROUP_CONSTRAINED,320,U,0.011642094604862254,0.027559601186242486,-0.015917506581380234,0.0,0
S2_e111_CP_P4_W0_TASK_ONLY,0,H,0.23949843645095825,0.11974921822547913,0.11974921822547913,0.5,0
S2_e111_CP_P4_W0_TASK_ONLY,0,U,0.13544633344281465,0.06772316672140732,0.06772316672140732,0.5,0
S2_e111_CP_P4_W0_TASK_ONLY,80,H,0.3875390887260437,0.11974921822547913,0.2677898705005646,0.5,0
S2_e111_CP_P4_W0_TASK_ONLY,80,U,0.201153256003246,0.06772316672140732,0.13343008928183867,0.5,0
S2_e111_CP_P4_W0_TASK_ONLY,160,H,0.40870821475982666,0.11974921822547913,0.28895899653434753,0.5,0
S2_e111_CP_P4_W0_TASK_ONLY,160,U,0.20168395043999357,0.06772316672140732,0.13396078371858625,0.5,0
S2_e111_CP_P4_W0_TASK_ONLY,320,H,0.4215041995048523,0.11974921822547913,0.30175498127937317,0.5,0
S2_e111_CP_P4_W0_TASK_ONLY,320,U,0.1971470559365116,0.06772316672140732,0.12942388921510428,0.5,0
S2_e111_CP_P4_W1_KL_0.1,0,H,0.23949843645095825,0.11974921822547913,0.11974921822547913,0.5,0
S2_e111_CP_P4_W1_KL_0.1,0,U,0.13544633344281465,0.06772316672140732,0.06772316672140732,0.5,0
S2_e111_CP_P4_W1_KL_0.1,80,H,0.08312057703733444,0.11974921822547913,-0.036628641188144684,0.5,0
S2_e111_CP_P4_W1_KL_0.1,80,U,0.04076707926911435,0.06772316672140732,-0.026956087452292977,0.5,0
S2_e111_CP_P4_W1_KL_0.1,160,H,0.08503646403551102,0.11974921822547913,-0.03471275418996811,0.5,0
S2_e111_CP_P4_W1_KL_0.1,160,U,0.028610904609584913,0.06772316672140732,-0.03911226211182241,0.5,0
S2_e111_CP_P4_W1_KL_0.1,320,H,0.08516206592321396,0.11974921822547913,-0.03458715230226517,0.5,0
S2_e111_CP_P4_W1_KL_0.1,320,U,0.014969265585282951,0.06772316672140732,-0.052753901136124375,0.5,0
S2_e111_CP_P4_W2_GROUP_CONSTRAINED,0,H,0.23949843645095825,0.11974921822547913,0.11974921822547913,0.5,0
S2_e111_CP_P4_W2_GROUP_CONSTRAINED,0,U,0.13544633344281465,0.06772316672140732,0.06772316672140732,0.5,0
S2_e111_CP_P4_W2_GROUP_CONSTRAINED,80,H,0.03271229937672615,0.11974921822547913,-0.08703691884875298,0.0,0
S2_e111_CP_P4_W2_GROUP_CONSTRAINED,80,U,0.02085367038671393,0.06772316672140732,-0.046869496334693395,0.04158873971860938,0
S2_e111_CP_P4_W2_GROUP_CONSTRAINED,160,H,0.10689669102430344,0.11974921822547913,-0.01285252720117569,0.0,0
S2_e111_CP_P4_W2_GROUP_CONSTRAINED,160,U,0.06976221080653236,0.06772316672140732,0.0020390440851250358,0.0,0
S2_e111_CP_P4_W2_GROUP_CONSTRAINED,320,H,0.10020884871482849,0.11974921822547913,-0.019540369510650635,0.0,0
S2_e111_CP_P4_W2_GROUP_CONSTRAINED,320,U,0.042309145854752775,0.06772316672140732,-0.02541402086665455,0.0,0
S2_e111_CP_L16_W2_GROUP_CONSTRAINED,0,H,0.2395254522562027,0.11974921822547913,0.11977623403072357,0.5,0
S2_e111_CP_L16_W2_GROUP_CONSTRAINED,0,U,0.1354046343642819,0.06772316672140732,0.06768146764287458,0.5,0
S2_e111_CP_L16_W2_GROUP_CONSTRAINED,80,H,0.07933130115270615,0.11974921822547913,-0.04041791707277298,0.06575130618541176,0
S2_e111_CP_L16_W2_GROUP_CONSTRAINED,80,U,0.008165305727743544,0.06772316672140732,-0.05955786099366378,0.0,0
S2_e111_CP_L16_W2_GROUP_CONSTRAINED,160,H,0.059277843683958054,0.11974921822547913,-0.06047137454152107,0.05673424322773768,0
S2_e111_CP_L16_W2_GROUP_CONSTRAINED,160,U,0.00879952568876823,0.06772316672140732,-0.05892364103263909,0.0,0
S2_e111_CP_L16_W2_GROUP_CONSTRAINED,320,H,0.07447602599859238,0.11974921822547913,-0.04527319222688675,0.08587350866100367,0
S2_e111_CP_L16_W2_GROUP_CONSTRAINED,320,U,0.013239328150770493,0.06772316672140732,-0.05448383857063683,0.0,0
S2_e112_CP_P4_W0_TASK_ONLY,0,H,0.8313307762145996,0.4156653881072998,0.4156653881072998,0.5,0
S2_e112_CP_P4_W0_TASK_ONLY,0,U,0.1001684455467122,0.0500842227733561,0.0500842227733561,0.5,0
S2_e112_CP_P4_W0_TASK_ONLY,80,H,1.2068990468978882,0.4156653881072998,0.7912336587905884,0.5,0
S2_e112_CP_P4_W0_TASK_ONLY,80,U,0.1842707074912531,0.0500842227733561,0.13418648471789701,0.5,0
S2_e112_CP_P4_W0_TASK_ONLY,160,H,1.2231894135475159,0.4156653881072998,0.8075240254402161,0.5,0
S2_e112_CP_P4_W0_TASK_ONLY,160,U,0.1852237485083086,0.0500842227733561,0.13513952573495253,0.5,0
S2_e112_CP_P4_W0_TASK_ONLY,320,H,1.2206713557243347,0.4156653881072998,0.8050059676170349,0.5,0
S2_e112_CP_P4_W0_TASK_ONLY,320,U,0.18795002597783292,0.0500842227733561,0.13786580320447683,0.5,0
S2_e112_CP_P4_W1_KL_0.1,0,H,0.8313307762145996,0.4156653881072998,0.4156653881072998,0.5,0
S2_e112_CP_P4_W1_KL_0.1,0,U,0.1001684455467122,0.0500842227733561,0.0500842227733561,0.5,0
S2_e112_CP_P4_W1_KL_0.1,80,H,0.3346096873283386,0.4156653881072998,-0.08105570077896118,0.5,0
S2_e112_CP_P4_W1_KL_0.1,80,U,0.019980378182871,0.0500842227733561,-0.0301038445904851,0.5,0
S2_e112_CP_P4_W1_KL_0.1,160,H,0.24679530411958694,0.4156653881072998,-0.16887008398771286,0.5,0
S2_e112_CP_P4_W1_KL_0.1,160,U,0.010915821434796922,0.0500842227733561,-0.03916840133855918,0.5,0
S2_e112_CP_P4_W1_KL_0.1,320,H,0.1050337515771389,0.4156653881072998,-0.3106316365301609,0.5,0
S2_e112_CP_P4_W1_KL_0.1,320,U,0.005231811349014086,0.0500842227733561,-0.044852411424342015,0.5,0
S2_e112_CP_P4_W2_GROUP_CONSTRAINED,0,H,0.8313307762145996,0.4156653881072998,0.4156653881072998,0.5,0
S2_e112_CP_P4_W2_GROUP_CONSTRAINED,0,U,0.1001684455467122,0.0500842227733561,0.0500842227733561,0.5,0
S2_e112_CP_P4_W2_GROUP_CONSTRAINED,80,H,0.20384732633829117,0.4156653881072998,-0.21181806176900864,0.14464272845244291,0
S2_e112_CP_P4_W2_GROUP_CONSTRAINED,80,U,0.013635675206647388,0.0500842227733561,-0.03644854756670871,0.0,0
S2_e112_CP_P4_W2_GROUP_CONSTRAINED,160,H,0.4417504668235779,0.4156653881072998,0.026085078716278076,0.07168179598266879,0
S2_e112_CP_P4_W2_GROUP_CONSTRAINED,160,U,0.035309405997395515,0.0500842227733561,-0.014774816775960584,0.0043138144056871835,0
S2_e112_CP_P4_W2_GROUP_CONSTRAINED,320,H,0.35435837507247925,0.4156653881072998,-0.06130701303482056,0.0,0
S2_e112_CP_P4_W2_GROUP_CONSTRAINED,320,U,0.032342838921717236,0.0500842227733561,-0.017741383851638863,0.0,0
S2_e112_CP_L16_W2_GROUP_CONSTRAINED,0,H,0.8314295411109924,0.4156653881072998,0.4157641530036926,0.5,0
S2_e112_CP_L16_W2_GROUP_CONSTRAINED,0,U,0.10020089375653438,0.0500842227733561,0.05011667098317828,0.5,0
S2_e112_CP_L16_W2_GROUP_CONSTRAINED,80,H,0.0025579867651686072,0.4156653881072998,-0.4131074013421312,0.0,0
S2_e112_CP_L16_W2_GROUP_CONSTRAINED,80,U,0.012648828959624683,0.0500842227733561,-0.03743539381373141,0.0,0
S2_e112_CP_L16_W2_GROUP_CONSTRAINED,160,H,0.0026953316992148757,0.4156653881072998,-0.41297005640808493,0.0,0
S2_e112_CP_L16_W2_GROUP_CONSTRAINED,160,U,0.013744051302117961,0.0500842227733561,-0.036340171471238136,0.0,0
S2_e112_CP_L16_W2_GROUP_CONSTRAINED,320,H,0.002831695950590074,0.4156653881072998,-0.41283369215670973,0.0,0
S2_e112_CP_L16_W2_GROUP_CONSTRAINED,320,U,0.013691990902381284,0.0500842227733561,-0.03639223187097482,0.0,0
S2_e113_CP_P4_W0_TASK_ONLY,0,H,0.16435357928276062,0.08217678964138031,0.08217678964138031,0.5,0
S2_e113_CP_P4_W0_TASK_ONLY,0,U,0.0830116487174694,0.0415058243587347,0.0415058243587347,0.5,0
S2_e113_CP_P4_W0_TASK_ONLY,80,H,0.26672711968421936,0.08217678964138031,0.18455033004283905,0.5,0
S2_e113_CP_P4_W0_TASK_ONLY,80,U,0.12781106598309375,0.0415058243587347,0.08630524162435904,0.5,0
S2_e113_CP_P4_W0_TASK_ONLY,160,H,0.3004865348339081,0.08217678964138031,0.21830974519252777,0.5,0
S2_e113_CP_P4_W0_TASK_ONLY,160,U,0.1449616040419122,0.0415058243587347,0.10345577968317748,0.5,0
S2_e113_CP_P4_W0_TASK_ONLY,320,H,0.36573198437690735,0.08217678964138031,0.28355519473552704,0.5,0
S2_e113_CP_P4_W0_TASK_ONLY,320,U,0.15873158373038418,0.0415058243587347,0.11722575937164947,0.5,0
S2_e113_CP_P4_W1_KL_0.1,0,H,0.16435357928276062,0.08217678964138031,0.08217678964138031,0.5,0
S2_e113_CP_P4_W1_KL_0.1,0,U,0.0830116487174694,0.0415058243587347,0.0415058243587347,0.5,0
S2_e113_CP_P4_W1_KL_0.1,80,H,0.06261318176984787,0.08217678964138031,-0.01956360787153244,0.5,0
S2_e113_CP_P4_W1_KL_0.1,80,U,0.025733128493551964,0.0415058243587347,-0.015772695865182734,0.5,0
S2_e113_CP_P4_W1_KL_0.1,160,H,0.06295987963676453,0.08217678964138031,-0.019216910004615784,0.5,0
S2_e113_CP_P4_W1_KL_0.1,160,U,0.018282326428951428,0.0415058243587347,-0.02322349792978327,0.5,0
S2_e113_CP_P4_W1_KL_0.1,320,H,0.060914043337106705,0.08217678964138031,-0.021262746304273605,0.5,0
S2_e113_CP_P4_W1_KL_0.1,320,U,0.011880644293601758,0.0415058243587347,-0.02962518006513294,0.5,0
S2_e113_CP_P4_W2_GROUP_CONSTRAINED,0,H,0.16435357928276062,0.08217678964138031,0.08217678964138031,0.5,0
S2_e113_CP_P4_W2_GROUP_CONSTRAINED,0,U,0.0830116487174694,0.0415058243587347,0.0415058243587347,0.5,0
S2_e113_CP_P4_W2_GROUP_CONSTRAINED,80,H,0.02110162191092968,0.08217678964138031,-0.06107516773045063,0.03667048761143644,0
S2_e113_CP_P4_W2_GROUP_CONSTRAINED,80,U,0.01599171528401452,0.0415058243587347,-0.025514109074720178,0.3193564382548622,0
S2_e113_CP_P4_W2_GROUP_CONSTRAINED,160,H,0.06494540721178055,0.08217678964138031,-0.017231382429599762,0.0,0
S2_e113_CP_P4_W2_GROUP_CONSTRAINED,160,U,0.04343496790638061,0.0415058243587347,0.001929143547645909,0.001318768786340191,0
S2_e113_CP_P4_W2_GROUP_CONSTRAINED,320,H,0.06539791077375412,0.08217678964138031,-0.01677887886762619,0.010243638255717068,0
S2_e113_CP_P4_W2_GROUP_CONSTRAINED,320,U,0.02646002480261294,0.0415058243587347,-0.015045799556121758,0.0,0
S2_e113_CP_L16_W2_GROUP_CONSTRAINED,0,H,0.16435404121875763,0.08217678964138031,0.08217725157737732,0.5,0
S2_e113_CP_L16_W2_GROUP_CONSTRAINED,0,U,0.08308014998744641,0.0415058243587347,0.04157432562871171,0.5,0
S2_e113_CP_L16_W2_GROUP_CONSTRAINED,80,H,0.07985009998083115,0.08217678964138031,-0.002326689660549164,0.0,0
S2_e113_CP_L16_W2_GROUP_CONSTRAINED,80,U,0.006655056025400492,0.0415058243587347,-0.034850768333334205,0.0,0
S2_e113_CP_L16_W2_GROUP_CONSTRAINED,160,H,0.0814518928527832,0.08217678964138031,-0.0007248967885971069,0.0,0
S2_e113_CP_L16_W2_GROUP_CONSTRAINED,160,U,0.00820622026055519,0.0415058243587347,-0.03329960409817951,0.0,0
S2_e113_CP_L16_W2_GROUP_CONSTRAINED,320,H,0.08339349925518036,0.08217678964138031,0.0012167096138000488,0.00021166848453123553,0
S2_e113_CP_L16_W2_GROUP_CONSTRAINED,320,U,0.00787590044949736,0.0415058243587347,-0.03362992390923734,0.0,0
S2_e114_CP_P4_W0_TASK_ONLY,0,H,0.6152722835540771,0.3076361417770386,0.3076361417770386,0.5,0
S2_e114_CP_P4_W0_TASK_ONLY,0,U,0.005327695090922394,0.002663847545461197,0.002663847545461197,0.5,0
S2_e114_CP_P4_W0_TASK_ONLY,80,H,0.8508502840995789,0.3076361417770386,0.5432141423225403,0.5,0
S2_e114_CP_P4_W0_TASK_ONLY,80,U,0.0064968474907800555,0.002663847545461197,0.0038329999453188585,0.5,0
S2_e114_CP_P4_W0_TASK_ONLY,160,H,0.9875995516777039,0.3076361417770386,0.6799634099006653,0.5,0
S2_e114_CP_P4_W0_TASK_ONLY,160,U,0.007532725642834391,0.002663847545461197,0.004868878097373195,0.5,0
S2_e114_CP_P4_W0_TASK_ONLY,320,H,1.2389658689498901,0.3076361417770386,0.9313297271728516,0.5,0
S2_e114_CP_P4_W0_TASK_ONLY,320,U,0.01151476111928267,0.002663847545461197,0.008850913573821473,0.5,0
S2_e114_CP_P4_W1_KL_0.1,0,H,0.6152722835540771,0.3076361417770386,0.3076361417770386,0.5,0
S2_e114_CP_P4_W1_KL_0.1,0,U,0.005327695090922394,0.002663847545461197,0.002663847545461197,0.5,0
S2_e114_CP_P4_W1_KL_0.1,80,H,0.1662093698978424,0.3076361417770386,-0.14142677187919617,0.5,0
S2_e114_CP_P4_W1_KL_0.1,80,U,0.0014212261739885435,0.002663847545461197,-0.0012426213714726536,0.5,0
S2_e114_CP_P4_W1_KL_0.1,160,H,0.0542990043759346,0.3076361417770386,-0.253337137401104,0.5,0
S2_e114_CP_P4_W1_KL_0.1,160,U,0.0008764248019100965,0.002663847545461197,-0.0017874227435511006,0.5,0
S2_e114_CP_P4_W1_KL_0.1,320,H,0.019655447453260422,0.3076361417770386,-0.28798069432377815,0.5,0
S2_e114_CP_P4_W1_KL_0.1,320,U,0.00047615389277260486,0.002663847545461197,-0.002187693652688592,0.5,0
S2_e114_CP_P4_W2_GROUP_CONSTRAINED,0,H,0.6152722835540771,0.3076361417770386,0.3076361417770386,0.5,0
S2_e114_CP_P4_W2_GROUP_CONSTRAINED,0,U,0.005327695090922394,0.002663847545461197,0.002663847545461197,0.5,0
S2_e114_CP_P4_W2_GROUP_CONSTRAINED,80,H,0.10478168725967407,0.3076361417770386,-0.2028544545173645,0.04938620347327184,0
S2_e114_CP_P4_W2_GROUP_CONSTRAINED,80,U,0.0009405364481998342,0.002663847545461197,-0.001723311097261363,0.48882940189527246,0
S2_e114_CP_P4_W2_GROUP_CONSTRAINED,160,H,0.3536866307258606,0.3076361417770386,0.04605048894882202,0.02067913082517065,0
S2_e114_CP_P4_W2_GROUP_CONSTRAINED,160,U,0.000949858570363306,0.002663847545461197,-0.001713988975097891,0.0,0
S2_e114_CP_P4_W2_GROUP_CONSTRAINED,320,H,0.18326812982559204,0.3076361417770386,-0.12436801195144653,0.0,0
S2_e114_CP_P4_W2_GROUP_CONSTRAINED,320,U,0.0010472895165938617,0.002663847545461197,-0.0016165580288673353,0.0,0
S2_e114_CP_L16_W2_GROUP_CONSTRAINED,0,H,0.6152682900428772,0.3076361417770386,0.3076321482658386,0.5,0
S2_e114_CP_L16_W2_GROUP_CONSTRAINED,0,U,0.005321016052870878,0.002663847545461197,0.0026571685074096812,0.5,0
S2_e114_CP_L16_W2_GROUP_CONSTRAINED,80,H,0.007391908206045628,0.3076361417770386,-0.30024423357099295,0.0,0
S2_e114_CP_L16_W2_GROUP_CONSTRAINED,80,U,0.0018076328976478959,0.002663847545461197,-0.0008562146478133012,5.955825030850121,0
S2_e114_CP_L16_W2_GROUP_CONSTRAINED,160,H,0.014669127762317657,0.3076361417770386,-0.2929670140147209,0.0,0
S2_e114_CP_L16_W2_GROUP_CONSTRAINED,160,U,0.0020948663669904427,0.002663847545461197,-0.0005689811784707543,7.414849283210337,0
S2_e114_CP_L16_W2_GROUP_CONSTRAINED,320,H,0.020510993897914886,0.3076361417770386,-0.2871251478791237,0.0,0
S2_e114_CP_L16_W2_GROUP_CONSTRAINED,320,U,0.003784820476929391,0.002663847545461197,0.0011209729314681938,7.9856181436084475,0
S2_e115_CP_P4_W0_TASK_ONLY,0,H,0.476687490940094,0.238343745470047,0.238343745470047,0.5,0
S2_e115_CP_P4_W0_TASK_ONLY,0,U,0.12434911226423886,0.06217455613211943,0.06217455613211943,0.5,0
S2_e115_CP_P4_W0_TASK_ONLY,80,H,0.6608068943023682,0.238343745470047,0.42246314883232117,0.5,0
S2_e115_CP_P4_W0_TASK_ONLY,80,U,0.20304175652563572,0.06217455613211943,0.1408672003935163,0.5,0
S2_e115_CP_P4_W0_TASK_ONLY,160,H,0.6891897916793823,0.238343745470047,0.4508460462093353,0.5,0
S2_e115_CP_P4_W0_TASK_ONLY,160,U,0.21350880124821112,0.06217455613211943,0.15133424511609167,0.5,0
S2_e115_CP_P4_W0_TASK_ONLY,320,H,0.7125179767608643,0.238343745470047,0.47417423129081726,0.5,0
S2_e115_CP_P4_W0_TASK_ONLY,320,U,0.2500639380170749,0.06217455613211943,0.18788938188495546,0.5,0
S2_e115_CP_P4_W1_KL_0.1,0,H,0.476687490940094,0.238343745470047,0.238343745470047,0.5,0
S2_e115_CP_P4_W1_KL_0.1,0,U,0.12434911226423886,0.06217455613211943,0.06217455613211943,0.5,0
S2_e115_CP_P4_W1_KL_0.1,80,H,0.179083451628685,0.238343745470047,-0.059260293841362,0.5,0
S2_e115_CP_P4_W1_KL_0.1,80,U,0.019681578752799675,0.06217455613211943,-0.04249297737931976,0.5,0
S2_e115_CP_P4_W1_KL_0.1,160,H,0.1505623459815979,0.238343745470047,-0.0877813994884491,0.5,0
S2_e115_CP_P4_W1_KL_0.1,160,U,0.01028297463646875,0.06217455613211943,-0.05189158149565068,0.5,0
S2_e115_CP_P4_W1_KL_0.1,320,H,0.045172400772571564,0.238343745470047,-0.19317134469747543,0.5,0
S2_e115_CP_P4_W1_KL_0.1,320,U,0.004063899754188382,0.06217455613211943,-0.05811065637793105,0.5,0
S2_e115_CP_P4_W2_GROUP_CONSTRAINED,0,H,0.476687490940094,0.238343745470047,0.238343745470047,0.5,0
S2_e115_CP_P4_W2_GROUP_CONSTRAINED,0,U,0.12434911226423886,0.06217455613211943,0.06217455613211943,0.5,0
S2_e115_CP_P4_W2_GROUP_CONSTRAINED,80,H,0.1472894847393036,0.238343745470047,-0.09105426073074341,0.0,0
S2_e115_CP_P4_W2_GROUP_CONSTRAINED,80,U,0.018996631135590948,0.06217455613211943,-0.043177924996528484,0.0,0
S2_e115_CP_P4_W2_GROUP_CONSTRAINED,160,H,0.19353364408016205,0.238343745470047,-0.04481010138988495,0.09760555318595109,0
S2_e115_CP_P4_W2_GROUP_CONSTRAINED,160,U,0.02880446598506891,0.06217455613211943,-0.03337009014705052,0.0,0
S2_e115_CP_P4_W2_GROUP_CONSTRAINED,320,H,0.26022008061408997,0.238343745470047,0.02187633514404297,5.953495843402657e-06,0
S2_e115_CP_P4_W2_GROUP_CONSTRAINED,320,U,0.049523408023210674,0.06217455613211943,-0.012651148108908758,0.0,0
S2_e115_CP_L16_W2_GROUP_CONSTRAINED,0,H,0.4768446981906891,0.238343745470047,0.2385009527206421,0.5,0
S2_e115_CP_L16_W2_GROUP_CONSTRAINED,0,U,0.12436078617779109,0.06217455613211943,0.062186230045671656,0.5,0
S2_e115_CP_L16_W2_GROUP_CONSTRAINED,80,H,0.0021125415805727243,0.238343745470047,-0.23623120388947427,0.0,0
S2_e115_CP_L16_W2_GROUP_CONSTRAINED,80,U,0.0037442276952788234,0.06217455613211943,-0.05843032843684061,0.0,0
S2_e115_CP_L16_W2_GROUP_CONSTRAINED,160,H,0.0024706514086574316,0.238343745470047,-0.23587309406138957,0.0,0
S2_e115_CP_L16_W2_GROUP_CONSTRAINED,160,U,0.0038355099386535585,0.06217455613211943,-0.058339046193465874,0.0,0
S2_e115_CP_L16_W2_GROUP_CONSTRAINED,320,H,0.003163605695590377,0.238343745470047,-0.23518013977445662,0.0,0
S2_e115_CP_L16_W2_GROUP_CONSTRAINED,320,U,0.003830604819365992,0.06217455613211943,-0.05834395131275344,0.0,0
S2_e116_CP_P4_W0_TASK_ONLY,0,H,0.2194378674030304,0.1097189337015152,0.1097189337015152,0.5,0
S2_e116_CP_P4_W0_TASK_ONLY,0,U,0.12142187915742397,0.06071093957871199,0.06071093957871199,0.5,0
S2_e116_CP_P4_W0_TASK_ONLY,80,H,0.2955666184425354,0.1097189337015152,0.1858476847410202,0.5,0
S2_e116_CP_P4_W0_TASK_ONLY,80,U,0.2100122390458217,0.06071093957871199,0.1493012994671097,0.5,0
S2_e116_CP_P4_W0_TASK_ONLY,160,H,0.30401745438575745,0.1097189337015152,0.19429852068424225,0.5,0
S2_e116_CP_P4_W0_TASK_ONLY,160,U,0.21833709792162365,0.06071093957871199,0.15762615834291166,0.5,0
S2_e116_CP_P4_W0_TASK_ONLY,320,H,0.34247320890426636,0.1097189337015152,0.23275427520275116,0.5,0
S2_e116_CP_P4_W0_TASK_ONLY,320,U,0.299186139439161,0.06071093957871199,0.23847519986044902,0.5,0
S2_e116_CP_P4_W1_KL_0.1,0,H,0.2194378674030304,0.1097189337015152,0.1097189337015152,0.5,0
S2_e116_CP_P4_W1_KL_0.1,0,U,0.12142187915742397,0.06071093957871199,0.06071093957871199,0.5,0
S2_e116_CP_P4_W1_KL_0.1,80,H,0.08776933699846268,0.1097189337015152,-0.02194959670305252,0.5,0
S2_e116_CP_P4_W1_KL_0.1,80,U,0.017147546741538323,0.06071093957871199,-0.04356339283717366,0.5,0
S2_e116_CP_P4_W1_KL_0.1,160,H,0.08011122792959213,0.1097189337015152,-0.029607705771923065,0.5,0
S2_e116_CP_P4_W1_KL_0.1,160,U,0.010703265075930037,0.06071093957871199,-0.05000767450278195,0.5,0
S2_e116_CP_P4_W1_KL_0.1,320,H,0.059322062879800797,0.1097189337015152,-0.0503968708217144,0.5,0
S2_e116_CP_P4_W1_KL_0.1,320,U,0.004770314338831947,0.06071093957871199,-0.05594062523988004,0.5,0
S2_e116_CP_P4_W2_GROUP_CONSTRAINED,0,H,0.2194378674030304,0.1097189337015152,0.1097189337015152,0.5,0
S2_e116_CP_P4_W2_GROUP_CONSTRAINED,0,U,0.12142187915742397,0.06071093957871199,0.06071093957871199,0.5,0
S2_e116_CP_P4_W2_GROUP_CONSTRAINED,80,H,0.056660592555999756,0.1097189337015152,-0.05305834114551544,0.13472451802502147,0
S2_e116_CP_P4_W2_GROUP_CONSTRAINED,80,U,0.01421520088870938,0.06071093957871199,-0.046495738690002605,0.0,0
S2_e116_CP_P4_W2_GROUP_CONSTRAINED,160,H,0.12201884388923645,0.1097189337015152,0.012299910187721252,0.026522381515363742,0
S2_e116_CP_P4_W2_GROUP_CONSTRAINED,160,U,0.04916296089784457,0.06071093957871199,-0.011547978680867418,0.0,0
S2_e116_CP_P4_W2_GROUP_CONSTRAINED,320,H,0.08109904825687408,0.1097189337015152,-0.028619885444641113,0.052122621431845324,0
S2_e116_CP_P4_W2_GROUP_CONSTRAINED,320,U,0.02781499972423682,0.06071093957871199,-0.03289593985447517,0.0,0
S2_e116_CP_L16_W2_GROUP_CONSTRAINED,0,H,0.21942099928855896,0.1097189337015152,0.10970206558704376,0.5,0
S2_e116_CP_L16_W2_GROUP_CONSTRAINED,0,U,0.12140475428448273,0.06071093957871199,0.060693814705770746,0.5,0
S2_e116_CP_L16_W2_GROUP_CONSTRAINED,80,H,0.0034168146084994078,0.1097189337015152,-0.10630211909301579,0.0,0
S2_e116_CP_L16_W2_GROUP_CONSTRAINED,80,U,0.012892823505143706,0.06071093957871199,-0.047818116073568284,0.0,0
S2_e116_CP_L16_W2_GROUP_CONSTRAINED,160,H,0.003868469502776861,0.1097189337015152,-0.10585046419873834,0.0,0
S2_e116_CP_L16_W2_GROUP_CONSTRAINED,160,U,0.013946637985869668,0.06071093957871199,-0.04676430159284232,0.0,0
S2_e116_CP_L16_W2_GROUP_CONSTRAINED,320,H,0.006289196666330099,0.1097189337015152,-0.1034297370351851,0.0,0
S2_e116_CP_L16_W2_GROUP_CONSTRAINED,320,U,0.013948366036996819,0.06071093957871199,-0.04676257354171517,0.0,0
