track,method,mode,role,stratum,edits,inputs,source_image_edit_pairs,base_correct_inputs,base_correct_edits,distinct_source_images,distinct_base_correct_images,semantic,target_consistency,token_parity,kl,base_correct,base_correct_damage,base_correct_preserved,base_wrong_became_correct,base_wrong_changed,on,joint_on_correct
NEW_CONFIRMATION,A2,BASE,calibration,H_all,15,21,21,20,15,7,6,0.9666666666666667,0.0,1.0,0.0,0.9666666666666667,0.0,1.0,0.0,0.0,0.0,0.0
NEW_CONFIRMATION,A2,BASE,calibration,H_base_wrong,1,1,1,0,0,1,0,0.0,0.0,1.0,0.0,0.0,,,0.0,0.0,0.0,0.0
NEW_CONFIRMATION,A2,BASE,calibration,H_keep,15,20,20,20,15,6,6,1.0,0.0,1.0,0.0,1.0,0.0,1.0,,,0.0,0.0
NEW_CONFIRMATION,A2,BASE,calibration,U_all,16,216,216,145,16,41,34,0.6727335164835165,0.28708791208791207,1.0,0.0,0.6727335164835165,0.0,1.0,0.0,0.0,0.0,0.0
NEW_CONFIRMATION,A2,BASE,calibration,U_base_wrong,16,71,71,0,0,20,0,0.0,0.209375,1.0,0.0,0.0,,,0.0,0.0,0.0,0.0
NEW_CONFIRMATION,A2,BASE,calibration,U_keep,16,145,145,145,16,34,34,1.0,0.33247429653679655,1.0,0.0,1.0,0.0,1.0,,,0.0,0.0
NEW_CONFIRMATION,A2,BASE,calibration,positive,16,64,16,21,8,16,8,0.328125,0.328125,1.0,,0.328125,0.0,1.0,0.0,0.0,0.0,0.0
NEW_CONFIRMATION,A2,BASE,challenge,same_answer_context_not_conflict,15,32,32,20,11,6,6,0.6111111111111112,0.6111111111111112,1.0,0.0,0.6111111111111112,0.0,1.0,0.0,0.0,0.0,0.0
NEW_CONFIRMATION,A2,BASE,evaluation,H_all,15,20,20,15,13,7,6,0.7666666666666667,0.13333333333333333,1.0,0.0,0.7666666666666667,0.0,1.0,0.0,0.0,0.0,0.0
NEW_CONFIRMATION,A2,BASE,evaluation,H_base_wrong,5,5,5,0,0,1,0,0.0,0.4,1.0,0.0,0.0,,,0.0,0.0,0.0,0.0
NEW_CONFIRMATION,A2,BASE,evaluation,H_keep,13,15,15,15,13,6,6,1.0,0.0,1.0,0.0,1.0,0.0,1.0,,,0.0,0.0
NEW_CONFIRMATION,A2,BASE,evaluation,U_all,16,202,202,130,16,41,31,0.6419986263736264,0.2566964285714286,1.0,0.0,0.6419986263736264,0.0,1.0,0.0,0.0,0.0,0.0
NEW_CONFIRMATION,A2,BASE,evaluation,U_base_wrong,16,72,72,0,0,23,0,0.0,0.121875,1.0,0.0,0.0,,,0.0,0.0,0.0,0.0
NEW_CONFIRMATION,A2,BASE,evaluation,U_keep,16,130,130,130,16,31,31,1.0,0.33909181096681096,1.0,0.0,1.0,0.0,1.0,,,0.0,0.0
NEW_CONFIRMATION,A2,BASE,evaluation,cross_family_confirmation,16,32,16,16,10,16,10,0.5,0.5,1.0,,0.5,0.0,1.0,0.0,0.0,0.0,0.0
NEW_CONFIRMATION,A2,BASE,evaluation,source_style_confirmation,16,32,16,19,10,16,10,0.59375,0.59375,1.0,,0.59375,0.0,1.0,0.0,0.0,0.0,0.0
NEW_CONFIRMATION,A2,BASE,fit,H_all,16,28,28,27,16,9,8,0.9791666666666666,0.0,1.0,0.0,0.9791666666666666,0.0,1.0,0.0,0.0,0.0,0.0
NEW_CONFIRMATION,A2,BASE,fit,H_base_wrong,1,1,1,0,0,1,0,0.0,0.0,1.0,0.0,0.0,,,0.0,0.0,0.0,0.0
NEW_CONFIRMATION,A2,BASE,fit,H_keep,16,27,27,27,16,8,8,1.0,0.0,1.0,0.0,1.0,0.0,1.0,,,0.0,0.0
NEW_CONFIRMATION,A2,BASE,fit,U_all,16,217,217,129,16,43,33,0.5951236263736264,0.2657967032967033,1.0,0.0,0.5951236263736264,0.0,1.0,0.0,0.0,0.0,0.0
NEW_CONFIRMATION,A2,BASE,fit,U_base_wrong,16,88,88,0,0,22,0,0.0,0.22628968253968254,1.0,0.0,0.0,,,0.0,0.0,0.0,0.0
NEW_CONFIRMATION,A2,BASE,fit,U_keep,16,129,129,129,16,33,33,1.0,0.32276785714285716,1.0,0.0,1.0,0.0,1.0,,,0.0,0.0
NEW_CONFIRMATION,A2,BASE,fit,positive,16,64,16,18,6,16,6,0.28125,0.28125,1.0,,0.28125,0.0,1.0,0.0,0.0,0.0,0.0
NEW_CONFIRMATION,A2,BASE,native,positive,16,16,16,0,0,16,0,0.0,0.0,1.0,,0.0,,,0.0,0.0,0.0,0.0
NEW_CONFIRMATION,A2,BE_ROUTE+A2,calibration,H_all,15,21,21,20,15,7,6,0.06666666666666667,0.9333333333333333,0.06666666666666667,0.3035370762149493,0.9666666666666667,0.9,0.1,0.0,1.0,0.9333333333333333,0.0
NEW_CONFIRMATION,A2,BE_ROUTE+A2,calibration,H_base_wrong,1,1,1,0,0,1,0,0.0,1.0,0.0,0.20979265868663788,0.0,,,0.0,1.0,1.0,0.0
NEW_CONFIRMATION,A2,BE_ROUTE+A2,calibration,H_keep,15,20,20,20,15,6,6,0.1,0.9,0.1,0.29654398759206135,1.0,0.9,0.1,,,0.9,0.0
NEW_CONFIRMATION,A2,BE_ROUTE+A2,calibration,U_all,16,216,216,145,16,41,34,0.48660714285714285,0.3650412087912088,0.4423076923076923,0.08759002221437925,0.6727335164835165,0.3324314574314574,0.6675685425685426,0.12767857142857142,0.6433779761904762,0.7912087912087912,0.3135302197802198
NEW_CONFIRMATION,A2,BE_ROUTE+A2,calibration,U_base_wrong,16,71,71,0,0,20,0,0.12767857142857142,0.22663690476190476,0.3566220238095238,0.11338052148631894,0.0,,,0.12767857142857142,0.6433779761904762,0.9056547619047619,0.12767857142857142
NEW_CONFIRMATION,A2,BE_ROUTE+A2,calibration,U_keep,16,145,145,145,16,34,34,0.6675685425685426,0.44316829004329006,0.46742198773448773,0.07552373591819504,1.0,0.3324314574314574,0.6675685425685426,,,0.7437793109668109,0.4113478535353535
NEW_CONFIRMATION,A2,BE_ROUTE+A2,calibration,positive,16,64,16,21,8,16,8,1.0,1.0,0.0,,0.328125,0.0,1.0,1.0,1.0,1.0,1.0
NEW_CONFIRMATION,A2,BE_ROUTE+A2,challenge,same_answer_context_not_conflict,15,32,32,20,11,6,6,1.0,1.0,0.03333333333333333,0.3695944864220089,0.6111111111111112,0.0,1.0,1.0,1.0,0.9666666666666667,0.9666666666666667
NEW_CONFIRMATION,A2,BE_ROUTE+A2,evaluation,H_all,15,20,20,15,13,7,6,0.03333333333333333,0.9666666666666667,0.03333333333333333,0.3188396190603574,0.7666666666666667,0.9230769230769231,0.07692307692307693,0.0,1.0,0.9666666666666667,0.0
NEW_CONFIRMATION,A2,BE_ROUTE+A2,evaluation,H_base_wrong,5,5,5,0,0,1,0,0.0,1.0,0.0,0.3840814471244812,0.0,,,0.0,1.0,1.0,0.0
NEW_CONFIRMATION,A2,BE_ROUTE+A2,evaluation,H_keep,13,15,15,15,13,6,6,0.07692307692307693,0.9230769230769231,0.07692307692307693,0.2823311955882953,1.0,0.9230769230769231,0.07692307692307693,,,0.9230769230769231,0.0
NEW_CONFIRMATION,A2,BE_ROUTE+A2,evaluation,U_all,16,202,202,130,16,41,31,0.47247023809523814,0.3524496336996337,0.5944940476190477,0.06732150464914735,0.6419986263736264,0.2940092893217893,0.7059907106782106,0.08035714285714285,0.43839285714285714,0.7054143772893773,0.2661401098901099
NEW_CONFIRMATION,A2,BE_ROUTE+A2,evaluation,U_base_wrong,16,72,72,0,0,23,0,0.08035714285714285,0.18348214285714284,0.5616071428571429,0.0714914843800389,0.0,,,0.08035714285714285,0.43839285714285714,0.7476190476190476,0.08035714285714285
NEW_CONFIRMATION,A2,BE_ROUTE+A2,evaluation,U_keep,16,130,130,130,16,31,31,0.7059907106782106,0.4531385281385281,0.6093614718614718,0.06710330585892668,1.0,0.2940092893217893,0.7059907106782106,,,0.6840255230880231,0.3900162337662338
NEW_CONFIRMATION,A2,BE_ROUTE+A2,evaluation,cross_family_confirmation,16,32,16,16,10,16,10,1.0,1.0,0.0,,0.5,0.0,1.0,1.0,1.0,1.0,1.0
NEW_CONFIRMATION,A2,BE_ROUTE+A2,evaluation,source_style_confirmation,16,32,16,19,10,16,10,1.0,1.0,0.0,,0.59375,0.0,1.0,1.0,1.0,1.0,1.0
NEW_CONFIRMATION,A2,BE_ROUTE+A2,fit,H_all,16,28,28,27,16,9,8,0.041666666666666664,0.9375,0.0625,0.31000376865267754,0.9791666666666666,0.9479166666666666,0.05208333333333333,0.0,0.0,0.9375,0.0
NEW_CONFIRMATION,A2,BE_ROUTE+A2,fit,H_base_wrong,1,1,1,0,0,1,0,0.0,0.0,1.0,0.0,0.0,,,0.0,0.0,0.0,0.0
NEW_CONFIRMATION,A2,BE_ROUTE+A2,fit,H_keep,16,27,27,27,16,8,8,0.05208333333333333,0.9479166666666666,0.05208333333333333,0.31327328955133754,1.0,0.9479166666666666,0.05208333333333333,,,0.9479166666666666,0.0
NEW_CONFIRMATION,A2,BE_ROUTE+A2,fit,U_all,16,217,217,129,16,43,33,0.41929945054945056,0.3169642857142857,0.4876373626373626,0.07720209822854396,0.5951236263736264,0.298139880952381,0.701860119047619,0.032366071428571425,0.5020337301587301,0.7383241758241759,0.27541208791208793
NEW_CONFIRMATION,A2,BE_ROUTE+A2,fit,U_base_wrong,16,88,88,0,0,22,0,0.032366071428571425,0.24035218253968255,0.49796626984126985,0.09385498538907246,0.0,,,0.032366071428571425,0.5020337301587301,0.7330605158730159,0.032366071428571425
NEW_CONFIRMATION,A2,BE_ROUTE+A2,fit,U_keep,16,129,129,129,16,33,33,0.701860119047619,0.38797123015873014,0.4787698412698413,0.07062616325893031,1.0,0.298139880952381,0.701860119047619,,,0.7437996031746031,0.4456597222222222
NEW_CONFIRMATION,A2,BE_ROUTE+A2,fit,positive,16,64,16,18,6,16,6,1.0,1.0,0.0,,0.28125,0.0,1.0,1.0,1.0,1.0,1.0
NEW_CONFIRMATION,A2,BE_ROUTE+A2,native,positive,16,16,16,0,0,16,0,1.0,1.0,0.0,,0.0,,,1.0,1.0,1.0,1.0
NEW_CONFIRMATION,A2,FORCED_ON,calibration,H_all,15,21,21,20,15,7,6,0.0,1.0,0.0,0.32100486010313034,0.9666666666666667,1.0,0.0,0.0,1.0,1.0,0.0
NEW_CONFIRMATION,A2,FORCED_ON,calibration,H_base_wrong,1,1,1,0,0,1,0,0.0,1.0,0.0,0.20979265868663788,0.0,,,0.0,1.0,1.0,0.0
NEW_CONFIRMATION,A2,FORCED_ON,calibration,H_keep,15,20,20,20,15,6,6,0.0,1.0,0.0,0.32155680457750957,1.0,1.0,0.0,,,1.0,0.0
NEW_CONFIRMATION,A2,FORCED_ON,calibration,U_all,16,216,216,145,16,41,34,0.4632554945054945,0.3866758241758242,0.31524725274725274,0.09962834524738574,0.6727335164835165,0.39848259379509376,0.6015174062049062,0.1886904761904762,0.7252232142857142,1.0,0.4632554945054945
NEW_CONFIRMATION,A2,FORCED_ON,calibration,U_base_wrong,16,71,71,0,0,20,0,0.1886904761904762,0.27723214285714287,0.2747767857142857,0.12253373598372751,0.0,,,0.1886904761904762,0.7252232142857142,1.0,0.1886904761904762
NEW_CONFIRMATION,A2,FORCED_ON,calibration,U_keep,16,145,145,145,16,34,34,0.6015174062049062,0.44842397186147187,0.3251758658008658,0.08801431583976749,1.0,0.39848259379509376,0.6015174062049062,,,1.0,0.6015174062049062
NEW_CONFIRMATION,A2,FORCED_ON,calibration,positive,16,64,16,21,8,16,8,1.0,1.0,0.0,,0.328125,0.0,1.0,1.0,1.0,1.0,1.0
NEW_CONFIRMATION,A2,FORCED_ON,challenge,same_answer_context_not_conflict,15,32,32,20,11,6,6,1.0,1.0,0.0,0.397388690577613,0.6111111111111112,0.0,1.0,1.0,1.0,1.0,1.0
NEW_CONFIRMATION,A2,FORCED_ON,evaluation,H_all,15,20,20,15,13,7,6,0.0,1.0,0.0,0.33011879871288935,0.7666666666666667,1.0,0.0,0.0,1.0,1.0,0.0
NEW_CONFIRMATION,A2,FORCED_ON,evaluation,H_base_wrong,5,5,5,0,0,1,0,0.0,1.0,0.0,0.3840814471244812,0.0,,,0.0,1.0,1.0,0.0
NEW_CONFIRMATION,A2,FORCED_ON,evaluation,H_keep,13,15,15,15,13,6,6,0.0,1.0,0.0,0.30836007170952284,1.0,1.0,0.0,,,1.0,0.0
NEW_CONFIRMATION,A2,FORCED_ON,evaluation,U_all,16,202,202,130,16,41,31,0.4380151098901099,0.40493360805860806,0.40848214285714285,0.083975346213598,0.6419986263736264,0.3972830988455988,0.6027169011544011,0.17336309523809523,0.6438988095238095,1.0,0.4380151098901099
NEW_CONFIRMATION,A2,FORCED_ON,evaluation,U_base_wrong,16,72,72,0,0,23,0,0.17336309523809523,0.2831845238095238,0.3561011904761905,0.088367218936903,0.0,,,0.17336309523809523,0.6438988095238095,1.0,0.17336309523809523
NEW_CONFIRMATION,A2,FORCED_ON,evaluation,U_keep,16,130,130,130,16,31,31,0.6027169011544011,0.4817099567099567,0.4406092171717172,0.08319937342545217,1.0,0.3972830988455988,0.6027169011544011,,,1.0,0.6027169011544011
NEW_CONFIRMATION,A2,FORCED_ON,evaluation,cross_family_confirmation,16,32,16,16,10,16,10,1.0,1.0,0.0,,0.5,0.0,1.0,1.0,1.0,1.0,1.0
NEW_CONFIRMATION,A2,FORCED_ON,evaluation,source_style_confirmation,16,32,16,19,10,16,10,1.0,1.0,0.0,,0.59375,0.0,1.0,1.0,1.0,1.0,1.0
NEW_CONFIRMATION,A2,FORCED_ON,fit,H_all,16,28,28,27,16,9,8,0.0,1.0,0.0,0.32794703512142104,0.9791666666666666,1.0,0.0,0.0,1.0,1.0,0.0
NEW_CONFIRMATION,A2,FORCED_ON,fit,H_base_wrong,1,1,1,0,0,1,0,0.0,1.0,0.0,0.24651457369327545,0.0,,,0.0,1.0,1.0,0.0
NEW_CONFIRMATION,A2,FORCED_ON,fit,H_keep,16,27,27,27,16,8,8,0.0,1.0,0.0,0.32877379811058444,1.0,1.0,0.0,,,1.0,0.0
NEW_CONFIRMATION,A2,FORCED_ON,fit,U_all,16,217,217,129,16,43,33,0.4230769230769231,0.36126373626373626,0.33756868131868134,0.0924411032088296,0.5951236263736264,0.35473710317460316,0.6452628968253968,0.11011904761904762,0.6951884920634921,1.0,0.4230769230769231
NEW_CONFIRMATION,A2,FORCED_ON,fit,U_base_wrong,16,88,88,0,0,22,0,0.11011904761904762,0.3056051587301587,0.3048115079365079,0.11121058829110494,0.0,,,0.11011904761904762,0.6951884920634921,1.0,0.11011904761904762
NEW_CONFIRMATION,A2,FORCED_ON,fit,U_keep,16,129,129,129,16,33,33,0.6452628968253968,0.41748511904761904,0.36341765873015874,0.08269165449078245,1.0,0.35473710317460316,0.6452628968253968,,,1.0,0.6452628968253968
NEW_CONFIRMATION,A2,FORCED_ON,fit,positive,16,64,16,18,6,16,6,1.0,1.0,0.0,,0.28125,0.0,1.0,1.0,1.0,1.0,1.0
NEW_CONFIRMATION,A2,FORCED_ON,native,positive,16,16,16,0,0,16,0,1.0,1.0,0.0,,0.0,,,1.0,1.0,1.0,1.0
NEW_CONFIRMATION,BE,BASE,calibration,H_all,15,21,21,20,15,7,6,0.9666666666666667,0.0,1.0,0.0,0.9666666666666667,0.0,1.0,0.0,0.0,0.0,0.0
NEW_CONFIRMATION,BE,BASE,calibration,H_base_wrong,1,1,1,0,0,1,0,0.0,0.0,1.0,0.0,0.0,,,0.0,0.0,0.0,0.0
NEW_CONFIRMATION,BE,BASE,calibration,H_keep,15,20,20,20,15,6,6,1.0,0.0,1.0,0.0,1.0,0.0,1.0,,,0.0,0.0
NEW_CONFIRMATION,BE,BASE,calibration,U_all,16,216,216,145,16,41,34,0.6727335164835165,0.28708791208791207,1.0,0.0,0.6727335164835165,0.0,1.0,0.0,0.0,0.0,0.0
NEW_CONFIRMATION,BE,BASE,calibration,U_base_wrong,16,71,71,0,0,20,0,0.0,0.209375,1.0,0.0,0.0,,,0.0,0.0,0.0,0.0
NEW_CONFIRMATION,BE,BASE,calibration,U_keep,16,145,145,145,16,34,34,1.0,0.33247429653679655,1.0,0.0,1.0,0.0,1.0,,,0.0,0.0
NEW_CONFIRMATION,BE,BASE,calibration,positive,16,64,16,21,8,16,8,0.328125,0.328125,1.0,,0.328125,0.0,1.0,0.0,0.0,0.0,0.0
NEW_CONFIRMATION,BE,BASE,challenge,same_answer_context_not_conflict,15,32,32,20,11,6,6,0.6111111111111112,0.6111111111111112,1.0,0.0,0.6111111111111112,0.0,1.0,0.0,0.0,0.0,0.0
NEW_CONFIRMATION,BE,BASE,evaluation,H_all,15,20,20,15,13,7,6,0.7666666666666667,0.13333333333333333,1.0,0.0,0.7666666666666667,0.0,1.0,0.0,0.0,0.0,0.0
NEW_CONFIRMATION,BE,BASE,evaluation,H_base_wrong,5,5,5,0,0,1,0,0.0,0.4,1.0,0.0,0.0,,,0.0,0.0,0.0,0.0
NEW_CONFIRMATION,BE,BASE,evaluation,H_keep,13,15,15,15,13,6,6,1.0,0.0,1.0,0.0,1.0,0.0,1.0,,,0.0,0.0
NEW_CONFIRMATION,BE,BASE,evaluation,U_all,16,202,202,130,16,41,31,0.6419986263736264,0.2566964285714286,1.0,0.0,0.6419986263736264,0.0,1.0,0.0,0.0,0.0,0.0
NEW_CONFIRMATION,BE,BASE,evaluation,U_base_wrong,16,72,72,0,0,23,0,0.0,0.121875,1.0,0.0,0.0,,,0.0,0.0,0.0,0.0
NEW_CONFIRMATION,BE,BASE,evaluation,U_keep,16,130,130,130,16,31,31,1.0,0.33909181096681096,1.0,0.0,1.0,0.0,1.0,,,0.0,0.0
NEW_CONFIRMATION,BE,BASE,evaluation,cross_family_confirmation,16,32,16,16,10,16,10,0.5,0.5,1.0,,0.5,0.0,1.0,0.0,0.0,0.0,0.0
NEW_CONFIRMATION,BE,BASE,evaluation,source_style_confirmation,16,32,16,19,10,16,10,0.59375,0.59375,1.0,,0.59375,0.0,1.0,0.0,0.0,0.0,0.0
NEW_CONFIRMATION,BE,BASE,fit,H_all,16,28,28,27,16,9,8,0.9791666666666666,0.0,1.0,0.0,0.9791666666666666,0.0,1.0,0.0,0.0,0.0,0.0
NEW_CONFIRMATION,BE,BASE,fit,H_base_wrong,1,1,1,0,0,1,0,0.0,0.0,1.0,0.0,0.0,,,0.0,0.0,0.0,0.0
NEW_CONFIRMATION,BE,BASE,fit,H_keep,16,27,27,27,16,8,8,1.0,0.0,1.0,0.0,1.0,0.0,1.0,,,0.0,0.0
NEW_CONFIRMATION,BE,BASE,fit,U_all,16,217,217,129,16,43,33,0.5951236263736264,0.2657967032967033,1.0,0.0,0.5951236263736264,0.0,1.0,0.0,0.0,0.0,0.0
NEW_CONFIRMATION,BE,BASE,fit,U_base_wrong,16,88,88,0,0,22,0,0.0,0.22628968253968254,1.0,0.0,0.0,,,0.0,0.0,0.0,0.0
NEW_CONFIRMATION,BE,BASE,fit,U_keep,16,129,129,129,16,33,33,1.0,0.32276785714285716,1.0,0.0,1.0,0.0,1.0,,,0.0,0.0
NEW_CONFIRMATION,BE,BASE,fit,positive,16,64,16,18,6,16,6,0.28125,0.28125,1.0,,0.28125,0.0,1.0,0.0,0.0,0.0,0.0
NEW_CONFIRMATION,BE,BASE,native,positive,16,16,16,0,0,16,0,0.0,0.0,1.0,,0.0,,,0.0,0.0,0.0,0.0
NEW_CONFIRMATION,BE,BE_FORCED_ON,calibration,H_all,15,21,21,20,15,7,6,0.0,1.0,0.0,17.343670336405435,0.9666666666666667,1.0,0.0,0.0,1.0,1.0,0.0
NEW_CONFIRMATION,BE,BE_FORCED_ON,calibration,H_base_wrong,1,1,1,0,0,1,0,0.0,1.0,0.0,14.36201286315918,0.0,,,0.0,1.0,1.0,0.0
NEW_CONFIRMATION,BE,BE_FORCED_ON,calibration,H_keep,15,20,20,20,15,6,6,0.0,1.0,0.0,17.343506717681883,1.0,1.0,0.0,,,1.0,0.0
NEW_CONFIRMATION,BE,BE_FORCED_ON,calibration,U_all,16,216,216,145,16,41,34,0.04945054945054945,0.2582417582417582,0.0,14.796773647869026,0.6727335164835165,0.9754464285714286,0.024553571428571428,0.09077380952380952,1.0,1.0,0.04945054945054945
NEW_CONFIRMATION,BE,BE_FORCED_ON,calibration,U_base_wrong,16,71,71,0,0,20,0,0.09077380952380952,0.28928571428571426,0.0,14.59296257737137,0.0,,,0.09077380952380952,1.0,1.0,0.09077380952380952
NEW_CONFIRMATION,BE,BE_FORCED_ON,calibration,U_keep,16,145,145,145,16,34,34,0.024553571428571428,0.2531182359307359,0.0,14.97465813442484,1.0,0.9754464285714286,0.024553571428571428,,,1.0,0.024553571428571428
NEW_CONFIRMATION,BE,BE_FORCED_ON,calibration,positive,16,64,16,21,8,16,8,1.0,1.0,0.0,,0.328125,0.0,1.0,1.0,1.0,1.0,1.0
NEW_CONFIRMATION,BE,BE_FORCED_ON,challenge,same_answer_context_not_conflict,15,32,32,20,11,6,6,1.0,1.0,0.0,16.219725229475234,0.6111111111111112,0.0,1.0,1.0,1.0,1.0,1.0
NEW_CONFIRMATION,BE,BE_FORCED_ON,evaluation,H_all,15,20,20,15,13,7,6,0.0,1.0,0.0,17.587066650390625,0.7666666666666667,1.0,0.0,0.0,1.0,1.0,0.0
NEW_CONFIRMATION,BE,BE_FORCED_ON,evaluation,H_base_wrong,5,5,5,0,0,1,0,0.0,1.0,0.0,12.779594039916992,0.0,,,0.0,1.0,1.0,0.0
NEW_CONFIRMATION,BE,BE_FORCED_ON,evaluation,H_keep,13,15,15,15,13,6,6,0.0,1.0,0.0,18.861230556781475,1.0,1.0,0.0,,,1.0,0.0
NEW_CONFIRMATION,BE,BE_FORCED_ON,evaluation,U_all,16,202,202,130,16,41,31,0.05288461538461539,0.25726877289377287,0.0,14.702078875932065,0.6419986263736264,0.9833333333333334,0.016666666666666666,0.1331845238095238,1.0,1.0,0.05288461538461539
NEW_CONFIRMATION,BE,BE_FORCED_ON,evaluation,U_base_wrong,16,72,72,0,0,23,0,0.1331845238095238,0.20669642857142856,0.0,13.75964069330976,0.0,,,0.1331845238095238,1.0,1.0,0.1331845238095238
NEW_CONFIRMATION,BE,BE_FORCED_ON,evaluation,U_keep,16,130,130,130,16,31,31,0.016666666666666666,0.2869656385281385,0.0,15.186376061687222,1.0,0.9833333333333334,0.016666666666666666,,,1.0,0.016666666666666666
NEW_CONFIRMATION,BE,BE_FORCED_ON,evaluation,cross_family_confirmation,16,32,16,16,10,16,10,1.0,1.0,0.0,,0.5,0.0,1.0,1.0,1.0,1.0,1.0
NEW_CONFIRMATION,BE,BE_FORCED_ON,evaluation,source_style_confirmation,16,32,16,19,10,16,10,1.0,1.0,0.0,,0.59375,0.0,1.0,1.0,1.0,1.0,1.0
NEW_CONFIRMATION,BE,BE_FORCED_ON,fit,H_all,16,28,28,27,16,9,8,0.0,1.0,0.0,17.37598591049512,0.9791666666666666,1.0,0.0,0.0,1.0,1.0,0.0
NEW_CONFIRMATION,BE,BE_FORCED_ON,fit,H_base_wrong,1,1,1,0,0,1,0,0.0,1.0,0.0,14.416952133178711,0.0,,,0.0,1.0,1.0,0.0
NEW_CONFIRMATION,BE,BE_FORCED_ON,fit,H_keep,16,27,27,27,16,8,8,0.0,1.0,0.0,17.388552794853847,1.0,1.0,0.0,,,1.0,0.0
NEW_CONFIRMATION,BE,BE_FORCED_ON,fit,U_all,16,217,217,129,16,43,33,0.05803571428571429,0.23317307692307693,0.0,14.957377840529432,0.5951236263736264,0.9791666666666666,0.020833333333333332,0.10119047619047619,1.0,1.0,0.05803571428571429
NEW_CONFIRMATION,BE,BE_FORCED_ON,fit,U_base_wrong,16,88,88,0,0,22,0,0.10119047619047619,0.22227182539682538,0.0,14.869555457338453,0.0,,,0.10119047619047619,1.0,1.0,0.10119047619047619
NEW_CONFIRMATION,BE,BE_FORCED_ON,fit,U_keep,16,129,129,129,16,33,33,0.020833333333333332,0.2458581349206349,0.0,15.099979762685678,1.0,0.9791666666666666,0.020833333333333332,,,1.0,0.020833333333333332
NEW_CONFIRMATION,BE,BE_FORCED_ON,fit,positive,16,64,16,18,6,16,6,1.0,1.0,0.0,,0.28125,0.0,1.0,1.0,1.0,1.0,1.0
NEW_CONFIRMATION,BE,BE_FORCED_ON,native,positive,16,16,16,0,0,16,0,1.0,1.0,0.0,,0.0,,,1.0,1.0,1.0,1.0
NEW_CONFIRMATION,BE,BE_NATIVE_ROUTED,calibration,H_all,15,21,21,20,15,7,6,0.06666666666666667,0.9333333333333333,0.06666666666666667,16.382912508646648,0.9666666666666667,0.9,0.1,0.0,1.0,0.9333333333333333,0.0
NEW_CONFIRMATION,BE,BE_NATIVE_ROUTED,calibration,H_base_wrong,1,1,1,0,0,1,0,0.0,1.0,0.0,14.36201286315918,0.0,,,0.0,1.0,1.0,0.0
NEW_CONFIRMATION,BE,BE_NATIVE_ROUTED,calibration,H_keep,15,20,20,20,15,6,6,0.1,0.9,0.1,15.90417874654134,1.0,0.9,0.1,,,0.9,0.0
NEW_CONFIRMATION,BE,BE_NATIVE_ROUTED,calibration,U_all,16,216,216,145,16,41,34,0.20020604395604397,0.25995879120879123,0.2087912087912088,11.4601277751582,0.6727335164835165,0.7281543109668109,0.271845689033189,0.040178571428571425,0.9056547619047619,0.7912087912087912,0.02712912087912088
NEW_CONFIRMATION,BE,BE_NATIVE_ROUTED,calibration,U_base_wrong,16,71,71,0,0,20,0,0.040178571428571425,0.23869047619047618,0.0943452380952381,12.859908275519098,0.0,,,0.040178571428571425,0.9056547619047619,0.9056547619047619,0.040178571428571425
NEW_CONFIRMATION,BE,BE_NATIVE_ROUTED,calibration,U_keep,16,145,145,145,16,34,34,0.271845689033189,0.2841743326118326,0.256220689033189,10.976211693510951,1.0,0.7281543109668109,0.271845689033189,,,0.7437793109668109,0.015625
NEW_CONFIRMATION,BE,BE_NATIVE_ROUTED,calibration,positive,16,64,16,21,8,16,8,1.0,1.0,0.0,,0.328125,0.0,1.0,1.0,1.0,1.0,1.0
NEW_CONFIRMATION,BE,BE_NATIVE_ROUTED,challenge,same_answer_context_not_conflict,15,32,32,20,11,6,6,1.0,1.0,0.03333333333333333,15.420448686811659,0.6111111111111112,0.0,1.0,1.0,1.0,0.9666666666666667,0.9666666666666667
NEW_CONFIRMATION,BE,BE_NATIVE_ROUTED,evaluation,H_all,15,20,20,15,13,7,6,0.03333333333333333,0.9666666666666667,0.03333333333333333,17.08408015569051,0.7666666666666667,0.9230769230769231,0.07692307692307693,0.0,1.0,0.9666666666666667,0.0
NEW_CONFIRMATION,BE,BE_NATIVE_ROUTED,evaluation,H_base_wrong,5,5,5,0,0,1,0,0.0,1.0,0.0,12.779594039916992,0.0,,,0.0,1.0,1.0,0.0
NEW_CONFIRMATION,BE,BE_NATIVE_ROUTED,evaluation,H_keep,13,15,15,15,13,6,6,0.07692307692307693,0.9230769230769231,0.07692307692307693,17.700492492088905,1.0,0.9230769230769231,0.07692307692307693,,,0.9230769230769231,0.0
NEW_CONFIRMATION,BE,BE_NATIVE_ROUTED,evaluation,U_all,16,202,202,130,16,41,31,0.23036858974358976,0.22413003663003664,0.2945856227106227,10.273079024348068,0.6419986263736264,0.6673588564213564,0.33264114357864355,0.049107142857142856,0.7476190476190476,0.7054143772893773,0.02403846153846154
NEW_CONFIRMATION,BE,BE_NATIVE_ROUTED,evaluation,U_base_wrong,16,72,72,0,0,23,0,0.049107142857142856,0.10699404761904761,0.2523809523809524,10.143615326640152,0.0,,,0.049107142857142856,0.7476190476190476,0.7476190476190476,0.049107142857142856
NEW_CONFIRMATION,BE,BE_NATIVE_ROUTED,evaluation,U_keep,16,130,130,130,16,31,31,0.33264114357864355,0.2891233766233766,0.3159744769119769,10.300763376011993,1.0,0.6673588564213564,0.33264114357864355,,,0.6840255230880231,0.016666666666666666
NEW_CONFIRMATION,BE,BE_NATIVE_ROUTED,evaluation,cross_family_confirmation,16,32,16,16,10,16,10,1.0,1.0,0.0,,0.5,0.0,1.0,1.0,1.0,1.0,1.0
NEW_CONFIRMATION,BE,BE_NATIVE_ROUTED,evaluation,source_style_confirmation,16,32,16,19,10,16,10,1.0,1.0,0.0,,0.59375,0.0,1.0,1.0,1.0,1.0,1.0
NEW_CONFIRMATION,BE,BE_NATIVE_ROUTED,fit,H_all,16,28,28,27,16,9,8,0.041666666666666664,0.9375,0.0625,16.477958291769028,0.9791666666666666,0.9479166666666666,0.05208333333333333,0.0,0.0,0.9375,0.0
NEW_CONFIRMATION,BE,BE_NATIVE_ROUTED,fit,H_base_wrong,1,1,1,0,0,1,0,0.0,0.0,1.0,0.0,0.0,,,0.0,0.0,0.0,0.0
NEW_CONFIRMATION,BE,BE_NATIVE_ROUTED,fit,H_keep,16,27,27,27,16,8,8,0.05208333333333333,0.9479166666666666,0.05208333333333333,16.642459352811176,1.0,0.9479166666666666,0.05208333333333333,,,0.9479166666666666,0.0
NEW_CONFIRMATION,BE,BE_NATIVE_ROUTED,fit,U_all,16,217,217,129,16,43,33,0.1617445054945055,0.19814560439560439,0.2616758241758242,10.657343716739298,0.5951236263736264,0.7307787698412699,0.2692212301587302,0.0234375,0.7330605158730159,0.7383241758241759,0.017857142857142856
NEW_CONFIRMATION,BE,BE_NATIVE_ROUTED,fit,U_base_wrong,16,88,88,0,0,22,0,0.0234375,0.1570188492063492,0.2669394841269841,10.621541249018813,0.0,,,0.0234375,0.7330605158730159,0.7330605158730159,0.0234375
NEW_CONFIRMATION,BE,BE_NATIVE_ROUTED,fit,U_keep,16,129,129,129,16,33,33,0.2692212301587302,0.23110119047619046,0.2562003968253968,10.724438865175323,1.0,0.7307787698412699,0.2692212301587302,,,0.7437996031746031,0.013020833333333332
NEW_CONFIRMATION,BE,BE_NATIVE_ROUTED,fit,positive,16,64,16,18,6,16,6,1.0,1.0,0.0,,0.28125,0.0,1.0,1.0,1.0,1.0,1.0
NEW_CONFIRMATION,BE,BE_NATIVE_ROUTED,native,positive,16,16,16,0,0,16,0,1.0,1.0,0.0,,0.0,,,1.0,1.0,1.0,1.0
NEW_CONFIRMATION,L16-W2_GROUP_CONSTRAINED,BASE,calibration,H_all,15,21,21,20,15,7,6,0.9666666666666667,0.0,1.0,0.0,0.9666666666666667,0.0,1.0,0.0,0.0,0.0,0.0
NEW_CONFIRMATION,L16-W2_GROUP_CONSTRAINED,BASE,calibration,H_base_wrong,1,1,1,0,0,1,0,0.0,0.0,1.0,0.0,0.0,,,0.0,0.0,0.0,0.0
NEW_CONFIRMATION,L16-W2_GROUP_CONSTRAINED,BASE,calibration,H_keep,15,20,20,20,15,6,6,1.0,0.0,1.0,0.0,1.0,0.0,1.0,,,0.0,0.0
NEW_CONFIRMATION,L16-W2_GROUP_CONSTRAINED,BASE,calibration,U_all,16,216,216,145,16,41,34,0.6727335164835165,0.28708791208791207,1.0,0.0,0.6727335164835165,0.0,1.0,0.0,0.0,0.0,0.0
NEW_CONFIRMATION,L16-W2_GROUP_CONSTRAINED,BASE,calibration,U_base_wrong,16,71,71,0,0,20,0,0.0,0.209375,1.0,0.0,0.0,,,0.0,0.0,0.0,0.0
NEW_CONFIRMATION,L16-W2_GROUP_CONSTRAINED,BASE,calibration,U_keep,16,145,145,145,16,34,34,1.0,0.33247429653679655,1.0,0.0,1.0,0.0,1.0,,,0.0,0.0
NEW_CONFIRMATION,L16-W2_GROUP_CONSTRAINED,BASE,calibration,positive,16,64,16,21,8,16,8,0.328125,0.328125,1.0,,0.328125,0.0,1.0,0.0,0.0,0.0,0.0
NEW_CONFIRMATION,L16-W2_GROUP_CONSTRAINED,BASE,challenge,same_answer_context_not_conflict,15,32,32,20,11,6,6,0.6111111111111112,0.6111111111111112,1.0,0.0,0.6111111111111112,0.0,1.0,0.0,0.0,0.0,0.0
NEW_CONFIRMATION,L16-W2_GROUP_CONSTRAINED,BASE,evaluation,H_all,15,20,20,15,13,7,6,0.7666666666666667,0.13333333333333333,1.0,0.0,0.7666666666666667,0.0,1.0,0.0,0.0,0.0,0.0
NEW_CONFIRMATION,L16-W2_GROUP_CONSTRAINED,BASE,evaluation,H_base_wrong,5,5,5,0,0,1,0,0.0,0.4,1.0,0.0,0.0,,,0.0,0.0,0.0,0.0
NEW_CONFIRMATION,L16-W2_GROUP_CONSTRAINED,BASE,evaluation,H_keep,13,15,15,15,13,6,6,1.0,0.0,1.0,0.0,1.0,0.0,1.0,,,0.0,0.0
NEW_CONFIRMATION,L16-W2_GROUP_CONSTRAINED,BASE,evaluation,U_all,16,202,202,130,16,41,31,0.6419986263736264,0.2566964285714286,1.0,0.0,0.6419986263736264,0.0,1.0,0.0,0.0,0.0,0.0
NEW_CONFIRMATION,L16-W2_GROUP_CONSTRAINED,BASE,evaluation,U_base_wrong,16,72,72,0,0,23,0,0.0,0.121875,1.0,0.0,0.0,,,0.0,0.0,0.0,0.0
NEW_CONFIRMATION,L16-W2_GROUP_CONSTRAINED,BASE,evaluation,U_keep,16,130,130,130,16,31,31,1.0,0.33909181096681096,1.0,0.0,1.0,0.0,1.0,,,0.0,0.0
NEW_CONFIRMATION,L16-W2_GROUP_CONSTRAINED,BASE,evaluation,cross_family_confirmation,16,32,16,16,10,16,10,0.5,0.5,1.0,,0.5,0.0,1.0,0.0,0.0,0.0,0.0
NEW_CONFIRMATION,L16-W2_GROUP_CONSTRAINED,BASE,evaluation,source_style_confirmation,16,32,16,19,10,16,10,0.59375,0.59375,1.0,,0.59375,0.0,1.0,0.0,0.0,0.0,0.0
NEW_CONFIRMATION,L16-W2_GROUP_CONSTRAINED,BASE,fit,H_all,16,28,28,27,16,9,8,0.9791666666666666,0.0,1.0,0.0,0.9791666666666666,0.0,1.0,0.0,0.0,0.0,0.0
NEW_CONFIRMATION,L16-W2_GROUP_CONSTRAINED,BASE,fit,H_base_wrong,1,1,1,0,0,1,0,0.0,0.0,1.0,0.0,0.0,,,0.0,0.0,0.0,0.0
NEW_CONFIRMATION,L16-W2_GROUP_CONSTRAINED,BASE,fit,H_keep,16,27,27,27,16,8,8,1.0,0.0,1.0,0.0,1.0,0.0,1.0,,,0.0,0.0
NEW_CONFIRMATION,L16-W2_GROUP_CONSTRAINED,BASE,fit,U_all,16,217,217,129,16,43,33,0.5951236263736264,0.2657967032967033,1.0,0.0,0.5951236263736264,0.0,1.0,0.0,0.0,0.0,0.0
NEW_CONFIRMATION,L16-W2_GROUP_CONSTRAINED,BASE,fit,U_base_wrong,16,88,88,0,0,22,0,0.0,0.22628968253968254,1.0,0.0,0.0,,,0.0,0.0,0.0,0.0
NEW_CONFIRMATION,L16-W2_GROUP_CONSTRAINED,BASE,fit,U_keep,16,129,129,129,16,33,33,1.0,0.32276785714285716,1.0,0.0,1.0,0.0,1.0,,,0.0,0.0
NEW_CONFIRMATION,L16-W2_GROUP_CONSTRAINED,BASE,fit,positive,16,64,16,18,6,16,6,0.28125,0.28125,1.0,,0.28125,0.0,1.0,0.0,0.0,0.0,0.0
NEW_CONFIRMATION,L16-W2_GROUP_CONSTRAINED,BASE,native,positive,16,16,16,0,0,16,0,0.0,0.0,1.0,,0.0,,,0.0,0.0,0.0,0.0
NEW_CONFIRMATION,L16-W2_GROUP_CONSTRAINED,BE_ROUTE+L16-W2_GROUP_CONSTRAINED,calibration,H_all,15,21,21,20,15,7,6,0.3,0.6666666666666666,0.13333333333333333,0.1833787636210521,0.9666666666666667,0.6666666666666666,0.3333333333333333,0.0,1.0,0.9333333333333333,0.23333333333333334
NEW_CONFIRMATION,L16-W2_GROUP_CONSTRAINED,BE_ROUTE+L16-W2_GROUP_CONSTRAINED,calibration,H_base_wrong,1,1,1,0,0,1,0,0.0,0.0,0.0,0.008508589118719101,0.0,,,0.0,1.0,1.0,0.0
NEW_CONFIRMATION,L16-W2_GROUP_CONSTRAINED,BE_ROUTE+L16-W2_GROUP_CONSTRAINED,calibration,H_keep,15,20,20,20,15,6,6,0.3333333333333333,0.6666666666666666,0.16666666666666666,0.18309514398376148,1.0,0.6666666666666666,0.3333333333333333,,,0.9,0.23333333333333334
NEW_CONFIRMATION,L16-W2_GROUP_CONSTRAINED,BE_ROUTE+L16-W2_GROUP_CONSTRAINED,calibration,U_all,16,216,216,145,16,41,34,0.6456043956043956,0.3276098901098901,0.7098214285714286,0.018849938813948208,0.6727335164835165,0.09341630591630591,0.9065836940836941,0.1109375,0.3098958333333333,0.7912087912087912,0.4725274725274725
NEW_CONFIRMATION,L16-W2_GROUP_CONSTRAINED,BE_ROUTE+L16-W2_GROUP_CONSTRAINED,calibration,U_base_wrong,16,71,71,0,0,20,0,0.1109375,0.22760416666666666,0.6901041666666666,0.027562046033294575,0.0,,,0.1109375,0.3098958333333333,0.9056547619047619,0.1109375
NEW_CONFIRMATION,L16-W2_GROUP_CONSTRAINED,BE_ROUTE+L16-W2_GROUP_CONSTRAINED,calibration,U_keep,16,145,145,145,16,34,34,0.9065836940836941,0.39465638528138525,0.7064393939393939,0.0077248600328324885,1.0,0.09341630591630591,0.9065836940836941,,,0.7437793109668109,0.650363005050505
NEW_CONFIRMATION,L16-W2_GROUP_CONSTRAINED,BE_ROUTE+L16-W2_GROUP_CONSTRAINED,calibration,positive,16,64,16,21,8,16,8,1.0,1.0,0.0,,0.328125,0.0,1.0,1.0,1.0,1.0,1.0
NEW_CONFIRMATION,L16-W2_GROUP_CONSTRAINED,BE_ROUTE+L16-W2_GROUP_CONSTRAINED,challenge,same_answer_context_not_conflict,15,32,32,20,11,6,6,1.0,1.0,0.03333333333333333,0.3667915021710926,0.6111111111111112,0.0,1.0,1.0,1.0,0.9666666666666667,0.9666666666666667
NEW_CONFIRMATION,L16-W2_GROUP_CONSTRAINED,BE_ROUTE+L16-W2_GROUP_CONSTRAINED,evaluation,H_all,15,20,20,15,13,7,6,0.3,0.6,0.13333333333333333,0.19594484336363774,0.7666666666666667,0.5384615384615384,0.46153846153846156,0.0,1.0,0.9666666666666667,0.26666666666666666
NEW_CONFIRMATION,L16-W2_GROUP_CONSTRAINED,BE_ROUTE+L16-W2_GROUP_CONSTRAINED,evaluation,H_base_wrong,5,5,5,0,0,1,0,0.0,0.4,0.0,0.21006363891065122,0.0,,,0.0,1.0,1.0,0.0
NEW_CONFIRMATION,L16-W2_GROUP_CONSTRAINED,BE_ROUTE+L16-W2_GROUP_CONSTRAINED,evaluation,H_keep,13,15,15,15,13,6,6,0.46153846153846156,0.5384615384615384,0.19230769230769232,0.14780755317769945,1.0,0.5384615384615384,0.46153846153846156,,,0.9230769230769231,0.38461538461538464
NEW_CONFIRMATION,L16-W2_GROUP_CONSTRAINED,BE_ROUTE+L16-W2_GROUP_CONSTRAINED,evaluation,U_all,16,202,202,130,16,41,31,0.5894574175824175,0.29515796703296704,0.7707760989010989,0.009948360786185377,0.6419986263736264,0.10295815295815296,0.8970418470418471,0.034970238095238096,0.19285714285714287,0.7054143772893773,0.38312728937728935
NEW_CONFIRMATION,L16-W2_GROUP_CONSTRAINED,BE_ROUTE+L16-W2_GROUP_CONSTRAINED,evaluation,U_base_wrong,16,72,72,0,0,23,0,0.034970238095238096,0.13080357142857144,0.8071428571428572,0.005866109852714934,0.0,,,0.034970238095238096,0.19285714285714287,0.7476190476190476,0.034970238095238096
NEW_CONFIRMATION,L16-W2_GROUP_CONSTRAINED,BE_ROUTE+L16-W2_GROUP_CONSTRAINED,evaluation,U_keep,16,130,130,130,16,31,31,0.8970418470418471,0.39281655844155844,0.7647208694083694,0.010709701674350623,1.0,0.10295815295815296,0.8970418470418471,,,0.6840255230880231,0.5810673701298701
NEW_CONFIRMATION,L16-W2_GROUP_CONSTRAINED,BE_ROUTE+L16-W2_GROUP_CONSTRAINED,evaluation,cross_family_confirmation,16,32,16,16,10,16,10,1.0,1.0,0.0,,0.5,0.0,1.0,1.0,1.0,1.0,1.0
NEW_CONFIRMATION,L16-W2_GROUP_CONSTRAINED,BE_ROUTE+L16-W2_GROUP_CONSTRAINED,evaluation,source_style_confirmation,16,32,16,19,10,16,10,1.0,1.0,0.0,,0.59375,0.0,1.0,1.0,1.0,1.0,1.0
NEW_CONFIRMATION,L16-W2_GROUP_CONSTRAINED,BE_ROUTE+L16-W2_GROUP_CONSTRAINED,fit,H_all,16,28,28,27,16,9,8,0.5729166666666666,0.40625,0.28125,0.03747094478603685,0.9791666666666666,0.40625,0.59375,0.0,0.0,0.9375,0.53125
NEW_CONFIRMATION,L16-W2_GROUP_CONSTRAINED,BE_ROUTE+L16-W2_GROUP_CONSTRAINED,fit,H_base_wrong,1,1,1,0,0,1,0,0.0,0.0,1.0,0.0,0.0,,,0.0,0.0,0.0,0.0
NEW_CONFIRMATION,L16-W2_GROUP_CONSTRAINED,BE_ROUTE+L16-W2_GROUP_CONSTRAINED,fit,H_keep,16,27,27,27,16,8,8,0.59375,0.40625,0.2708333333333333,0.03751319726628329,1.0,0.40625,0.59375,,,0.9479166666666666,0.5416666666666666
NEW_CONFIRMATION,L16-W2_GROUP_CONSTRAINED,BE_ROUTE+L16-W2_GROUP_CONSTRAINED,fit,U_all,16,217,217,129,16,43,33,0.5769230769230769,0.27506868131868134,0.7396978021978022,0.007739219810186374,0.5951236263736264,0.056473214285714286,0.9435267857142857,0.03392857142857143,0.18373015873015872,0.7383241758241759,0.4330357142857143
NEW_CONFIRMATION,L16-W2_GROUP_CONSTRAINED,BE_ROUTE+L16-W2_GROUP_CONSTRAINED,fit,U_base_wrong,16,88,88,0,0,22,0,0.03392857142857143,0.2054563492063492,0.8162698412698413,0.007847284895404531,0.0,,,0.03392857142857143,0.18373015873015872,0.7330605158730159,0.03392857142857143
NEW_CONFIRMATION,L16-W2_GROUP_CONSTRAINED,BE_ROUTE+L16-W2_GROUP_CONSTRAINED,fit,U_keep,16,129,129,129,16,33,33,0.9435267857142857,0.344469246031746,0.6710565476190476,0.008761069932616588,1.0,0.056473214285714286,0.9435267857142857,,,0.7437996031746031,0.6873263888888889
NEW_CONFIRMATION,L16-W2_GROUP_CONSTRAINED,BE_ROUTE+L16-W2_GROUP_CONSTRAINED,fit,positive,16,64,16,18,6,16,6,1.0,1.0,0.0,,0.28125,0.0,1.0,1.0,1.0,1.0,1.0
NEW_CONFIRMATION,L16-W2_GROUP_CONSTRAINED,BE_ROUTE+L16-W2_GROUP_CONSTRAINED,native,positive,16,16,16,0,0,16,0,1.0,1.0,0.0,,0.0,,,1.0,1.0,1.0,1.0
NEW_CONFIRMATION,L16-W2_GROUP_CONSTRAINED,FORCED_ON,calibration,H_all,15,21,21,20,15,7,6,0.3,0.6666666666666666,0.06666666666666667,0.1845911142726739,0.9666666666666667,0.6666666666666666,0.3333333333333333,0.0,1.0,1.0,0.3
NEW_CONFIRMATION,L16-W2_GROUP_CONSTRAINED,FORCED_ON,calibration,H_base_wrong,1,1,1,0,0,1,0,0.0,0.0,0.0,0.008508589118719101,0.0,,,0.0,1.0,1.0,0.0
NEW_CONFIRMATION,L16-W2_GROUP_CONSTRAINED,FORCED_ON,calibration,H_keep,15,20,20,20,15,6,6,0.3333333333333333,0.6666666666666666,0.06666666666666667,0.18455301163097224,1.0,0.6666666666666666,0.3333333333333333,,,1.0,0.3333333333333333
NEW_CONFIRMATION,L16-W2_GROUP_CONSTRAINED,FORCED_ON,calibration,U_all,16,216,216,145,16,41,34,0.6318681318681318,0.34958791208791207,0.6002747252747253,0.025838432042621786,0.6727335164835165,0.13134244227994227,0.8686575577200577,0.14069940476190476,0.36569940476190477,1.0,0.6318681318681318
NEW_CONFIRMATION,L16-W2_GROUP_CONSTRAINED,FORCED_ON,calibration,U_base_wrong,16,71,71,0,0,20,0,0.14069940476190476,0.2365327380952381,0.6343005952380952,0.028865356718363596,0.0,,,0.14069940476190476,0.36569940476190477,1.0,0.14069940476190476
NEW_CONFIRMATION,L16-W2_GROUP_CONSTRAINED,FORCED_ON,calibration,U_keep,16,145,145,145,16,34,34,0.8686575577200577,0.4212188852813853,0.5800865800865801,0.016532817122509844,1.0,0.13134244227994227,0.8686575577200577,,,1.0,0.8686575577200577
NEW_CONFIRMATION,L16-W2_GROUP_CONSTRAINED,FORCED_ON,calibration,positive,16,64,16,21,8,16,8,1.0,1.0,0.0,,0.328125,0.0,1.0,1.0,1.0,1.0,1.0
NEW_CONFIRMATION,L16-W2_GROUP_CONSTRAINED,FORCED_ON,challenge,same_answer_context_not_conflict,15,32,32,20,11,6,6,1.0,1.0,0.0,0.40042449984285566,0.6111111111111112,0.0,1.0,1.0,1.0,1.0,1.0
NEW_CONFIRMATION,L16-W2_GROUP_CONSTRAINED,FORCED_ON,evaluation,H_all,15,20,20,15,13,7,6,0.3,0.6,0.1,0.19620168992939094,0.7666666666666667,0.5384615384615384,0.46153846153846156,0.0,1.0,1.0,0.3
NEW_CONFIRMATION,L16-W2_GROUP_CONSTRAINED,FORCED_ON,evaluation,H_base_wrong,5,5,5,0,0,1,0,0.0,0.4,0.0,0.21006363891065122,0.0,,,0.0,1.0,1.0,0.0
NEW_CONFIRMATION,L16-W2_GROUP_CONSTRAINED,FORCED_ON,evaluation,H_keep,13,15,15,15,13,6,6,0.46153846153846156,0.5384615384615384,0.11538461538461539,0.14840027602174535,1.0,0.5384615384615384,0.46153846153846156,,,1.0,0.46153846153846156
NEW_CONFIRMATION,L16-W2_GROUP_CONSTRAINED,FORCED_ON,evaluation,U_all,16,202,202,130,16,41,31,0.579842032967033,0.3432348901098901,0.6585393772893773,0.016406888813525165,0.6419986263736264,0.15018037518037516,0.8498196248196248,0.09300595238095238,0.2883928571428571,1.0,0.579842032967033
NEW_CONFIRMATION,L16-W2_GROUP_CONSTRAINED,FORCED_ON,evaluation,U_base_wrong,16,72,72,0,0,23,0,0.09300595238095238,0.18571428571428572,0.7116071428571429,0.008317697963502724,0.0,,,0.09300595238095238,0.2883928571428571,1.0,0.09300595238095238
NEW_CONFIRMATION,L16-W2_GROUP_CONSTRAINED,FORCED_ON,evaluation,U_keep,16,130,130,130,16,31,31,0.8498196248196248,0.4241657647907648,0.6575757575757576,0.01876320211195439,1.0,0.15018037518037516,0.8498196248196248,,,1.0,0.8498196248196248
NEW_CONFIRMATION,L16-W2_GROUP_CONSTRAINED,FORCED_ON,evaluation,cross_family_confirmation,16,32,16,16,10,16,10,1.0,1.0,0.0,,0.5,0.0,1.0,1.0,1.0,1.0,1.0
NEW_CONFIRMATION,L16-W2_GROUP_CONSTRAINED,FORCED_ON,evaluation,source_style_confirmation,16,32,16,19,10,16,10,1.0,1.0,0.0,,0.59375,0.0,1.0,1.0,1.0,1.0,1.0
NEW_CONFIRMATION,L16-W2_GROUP_CONSTRAINED,FORCED_ON,fit,H_all,16,28,28,27,16,9,8,0.5729166666666666,0.40625,0.2604166666666667,0.03778692275955109,0.9791666666666666,0.40625,0.59375,0.0,0.0,1.0,0.5729166666666666
NEW_CONFIRMATION,L16-W2_GROUP_CONSTRAINED,FORCED_ON,fit,H_base_wrong,1,1,1,0,0,1,0,0.0,0.0,1.0,0.0030999507289379835,0.0,,,0.0,0.0,1.0,0.0
NEW_CONFIRMATION,L16-W2_GROUP_CONSTRAINED,FORCED_ON,fit,H_keep,16,27,27,27,16,8,8,0.59375,0.40625,0.25,0.03779150342112795,1.0,0.40625,0.59375,,,1.0,0.59375
NEW_CONFIRMATION,L16-W2_GROUP_CONSTRAINED,FORCED_ON,fit,U_all,16,217,217,129,16,43,33,0.5590659340659341,0.30597527472527475,0.6085164835164836,0.010814686404808446,0.5951236263736264,0.10595238095238095,0.8940476190476191,0.05327380952380952,0.3075644841269841,1.0,0.5590659340659341
NEW_CONFIRMATION,L16-W2_GROUP_CONSTRAINED,FORCED_ON,fit,U_base_wrong,16,88,88,0,0,22,0,0.05327380952380952,0.22480158730158728,0.6924355158730159,0.009991302654565343,0.0,,,0.05327380952380952,0.3075644841269841,1.0,0.05327380952380952
NEW_CONFIRMATION,L16-W2_GROUP_CONSTRAINED,FORCED_ON,fit,U_keep,16,129,129,129,16,33,33,0.8940476190476191,0.38283730158730156,0.5418154761904762,0.012384655394851053,1.0,0.10595238095238095,0.8940476190476191,,,1.0,0.8940476190476191
NEW_CONFIRMATION,L16-W2_GROUP_CONSTRAINED,FORCED_ON,fit,positive,16,64,16,18,6,16,6,1.0,1.0,0.0,,0.28125,0.0,1.0,1.0,1.0,1.0,1.0
NEW_CONFIRMATION,L16-W2_GROUP_CONSTRAINED,FORCED_ON,native,positive,16,16,16,0,0,16,0,1.0,1.0,0.0,,0.0,,,1.0,1.0,1.0,1.0
NEW_CONFIRMATION,P4-W0_TASK_ONLY,BASE,calibration,H_all,15,21,21,20,15,7,6,0.9666666666666667,0.0,1.0,0.0,0.9666666666666667,0.0,1.0,0.0,0.0,0.0,0.0
NEW_CONFIRMATION,P4-W0_TASK_ONLY,BASE,calibration,H_base_wrong,1,1,1,0,0,1,0,0.0,0.0,1.0,0.0,0.0,,,0.0,0.0,0.0,0.0
NEW_CONFIRMATION,P4-W0_TASK_ONLY,BASE,calibration,H_keep,15,20,20,20,15,6,6,1.0,0.0,1.0,0.0,1.0,0.0,1.0,,,0.0,0.0
NEW_CONFIRMATION,P4-W0_TASK_ONLY,BASE,calibration,U_all,16,216,216,145,16,41,34,0.6727335164835165,0.28708791208791207,1.0,0.0,0.6727335164835165,0.0,1.0,0.0,0.0,0.0,0.0
NEW_CONFIRMATION,P4-W0_TASK_ONLY,BASE,calibration,U_base_wrong,16,71,71,0,0,20,0,0.0,0.209375,1.0,0.0,0.0,,,0.0,0.0,0.0,0.0
NEW_CONFIRMATION,P4-W0_TASK_ONLY,BASE,calibration,U_keep,16,145,145,145,16,34,34,1.0,0.33247429653679655,1.0,0.0,1.0,0.0,1.0,,,0.0,0.0
NEW_CONFIRMATION,P4-W0_TASK_ONLY,BASE,calibration,positive,16,64,16,21,8,16,8,0.328125,0.328125,1.0,,0.328125,0.0,1.0,0.0,0.0,0.0,0.0
NEW_CONFIRMATION,P4-W0_TASK_ONLY,BASE,challenge,same_answer_context_not_conflict,15,32,32,20,11,6,6,0.6111111111111112,0.6111111111111112,1.0,0.0,0.6111111111111112,0.0,1.0,0.0,0.0,0.0,0.0
NEW_CONFIRMATION,P4-W0_TASK_ONLY,BASE,evaluation,H_all,15,20,20,15,13,7,6,0.7666666666666667,0.13333333333333333,1.0,0.0,0.7666666666666667,0.0,1.0,0.0,0.0,0.0,0.0
NEW_CONFIRMATION,P4-W0_TASK_ONLY,BASE,evaluation,H_base_wrong,5,5,5,0,0,1,0,0.0,0.4,1.0,0.0,0.0,,,0.0,0.0,0.0,0.0
NEW_CONFIRMATION,P4-W0_TASK_ONLY,BASE,evaluation,H_keep,13,15,15,15,13,6,6,1.0,0.0,1.0,0.0,1.0,0.0,1.0,,,0.0,0.0
NEW_CONFIRMATION,P4-W0_TASK_ONLY,BASE,evaluation,U_all,16,202,202,130,16,41,31,0.6419986263736264,0.2566964285714286,1.0,0.0,0.6419986263736264,0.0,1.0,0.0,0.0,0.0,0.0
NEW_CONFIRMATION,P4-W0_TASK_ONLY,BASE,evaluation,U_base_wrong,16,72,72,0,0,23,0,0.0,0.121875,1.0,0.0,0.0,,,0.0,0.0,0.0,0.0
NEW_CONFIRMATION,P4-W0_TASK_ONLY,BASE,evaluation,U_keep,16,130,130,130,16,31,31,1.0,0.33909181096681096,1.0,0.0,1.0,0.0,1.0,,,0.0,0.0
NEW_CONFIRMATION,P4-W0_TASK_ONLY,BASE,evaluation,cross_family_confirmation,16,32,16,16,10,16,10,0.5,0.5,1.0,,0.5,0.0,1.0,0.0,0.0,0.0,0.0
NEW_CONFIRMATION,P4-W0_TASK_ONLY,BASE,evaluation,source_style_confirmation,16,32,16,19,10,16,10,0.59375,0.59375,1.0,,0.59375,0.0,1.0,0.0,0.0,0.0,0.0
NEW_CONFIRMATION,P4-W0_TASK_ONLY,BASE,fit,H_all,16,28,28,27,16,9,8,0.9791666666666666,0.0,1.0,0.0,0.9791666666666666,0.0,1.0,0.0,0.0,0.0,0.0
NEW_CONFIRMATION,P4-W0_TASK_ONLY,BASE,fit,H_base_wrong,1,1,1,0,0,1,0,0.0,0.0,1.0,0.0,0.0,,,0.0,0.0,0.0,0.0
NEW_CONFIRMATION,P4-W0_TASK_ONLY,BASE,fit,H_keep,16,27,27,27,16,8,8,1.0,0.0,1.0,0.0,1.0,0.0,1.0,,,0.0,0.0
NEW_CONFIRMATION,P4-W0_TASK_ONLY,BASE,fit,U_all,16,217,217,129,16,43,33,0.5951236263736264,0.2657967032967033,1.0,0.0,0.5951236263736264,0.0,1.0,0.0,0.0,0.0,0.0
NEW_CONFIRMATION,P4-W0_TASK_ONLY,BASE,fit,U_base_wrong,16,88,88,0,0,22,0,0.0,0.22628968253968254,1.0,0.0,0.0,,,0.0,0.0,0.0,0.0
NEW_CONFIRMATION,P4-W0_TASK_ONLY,BASE,fit,U_keep,16,129,129,129,16,33,33,1.0,0.32276785714285716,1.0,0.0,1.0,0.0,1.0,,,0.0,0.0
NEW_CONFIRMATION,P4-W0_TASK_ONLY,BASE,fit,positive,16,64,16,18,6,16,6,0.28125,0.28125,1.0,,0.28125,0.0,1.0,0.0,0.0,0.0,0.0
NEW_CONFIRMATION,P4-W0_TASK_ONLY,BASE,native,positive,16,16,16,0,0,16,0,0.0,0.0,1.0,,0.0,,,0.0,0.0,0.0,0.0
NEW_CONFIRMATION,P4-W0_TASK_ONLY,BE_ROUTE+P4-W0_TASK_ONLY,calibration,H_all,15,21,21,20,15,7,6,0.06666666666666667,0.9333333333333333,0.06666666666666667,0.5621179153521856,0.9666666666666667,0.9,0.1,0.0,1.0,0.9333333333333333,0.0
NEW_CONFIRMATION,P4-W0_TASK_ONLY,BE_ROUTE+P4-W0_TASK_ONLY,calibration,H_base_wrong,1,1,1,0,0,1,0,0.0,1.0,0.0,0.4710497260093689,0.0,,,0.0,1.0,1.0,0.0
NEW_CONFIRMATION,P4-W0_TASK_ONLY,BE_ROUTE+P4-W0_TASK_ONLY,calibration,H_keep,15,20,20,20,15,6,6,0.1,0.9,0.1,0.54641625781854,1.0,0.9,0.1,,,0.9,0.0
NEW_CONFIRMATION,P4-W0_TASK_ONLY,BE_ROUTE+P4-W0_TASK_ONLY,calibration,U_all,16,216,216,145,16,41,34,0.4340659340659341,0.36504120879120877,0.4292582417582418,0.1550923663237352,0.6727335164835165,0.37900207431457433,0.6209979256854257,0.06830357142857144,0.6523065476190476,0.7912087912087912,0.260989010989011
NEW_CONFIRMATION,P4-W0_TASK_ONLY,BE_ROUTE+P4-W0_TASK_ONLY,calibration,U_base_wrong,16,71,71,0,0,20,0,0.06830357142857144,0.2474702380952381,0.3476934523809524,0.19676955197549736,0.0,,,0.06830357142857144,0.6523065476190476,0.9056547619047619,0.06830357142857144
NEW_CONFIRMATION,P4-W0_TASK_ONLY,BE_ROUTE+P4-W0_TASK_ONLY,calibration,U_keep,16,145,145,145,16,34,34,0.6209979256854257,0.4374864718614718,0.45858360389610386,0.1344682496389665,1.0,0.37900207431457433,0.6209979256854257,,,0.7437793109668109,0.36477723665223666
NEW_CONFIRMATION,P4-W0_TASK_ONLY,BE_ROUTE+P4-W0_TASK_ONLY,calibration,positive,16,64,16,21,8,16,8,1.0,1.0,0.0,,0.328125,0.0,1.0,1.0,1.0,1.0,1.0
NEW_CONFIRMATION,P4-W0_TASK_ONLY,BE_ROUTE+P4-W0_TASK_ONLY,challenge,same_answer_context_not_conflict,15,32,32,20,11,6,6,1.0,1.0,0.03333333333333333,0.6333166026737955,0.6111111111111112,0.0,1.0,1.0,1.0,0.9666666666666667,0.9666666666666667
NEW_CONFIRMATION,P4-W0_TASK_ONLY,BE_ROUTE+P4-W0_TASK_ONLY,evaluation,H_all,15,20,20,15,13,7,6,0.03333333333333333,0.9666666666666667,0.03333333333333333,0.5852589974800746,0.7666666666666667,0.9230769230769231,0.07692307692307693,0.0,1.0,0.9666666666666667,0.0
NEW_CONFIRMATION,P4-W0_TASK_ONLY,BE_ROUTE+P4-W0_TASK_ONLY,evaluation,H_base_wrong,5,5,5,0,0,1,0,0.0,1.0,0.0,0.6132313251495362,0.0,,,0.0,1.0,1.0,0.0
NEW_CONFIRMATION,P4-W0_TASK_ONLY,BE_ROUTE+P4-W0_TASK_ONLY,evaluation,H_keep,13,15,15,15,13,6,6,0.07692307692307693,0.9230769230769231,0.07692307692307693,0.5504789363879424,1.0,0.9230769230769231,0.07692307692307693,,,0.9230769230769231,0.0
NEW_CONFIRMATION,P4-W0_TASK_ONLY,BE_ROUTE+P4-W0_TASK_ONLY,evaluation,U_all,16,202,202,130,16,41,31,0.46726190476190477,0.33161630036630035,0.5398923992673993,0.12601855282111046,0.6419986263736264,0.30330988455988456,0.6966901154401154,0.05803571428571429,0.4941964285714286,0.7054143772893773,0.2609317765567766
NEW_CONFIRMATION,P4-W0_TASK_ONLY,BE_ROUTE+P4-W0_TASK_ONLY,evaluation,U_base_wrong,16,72,72,0,0,23,0,0.05803571428571429,0.19910714285714284,0.5058035714285715,0.13706236202174513,0.0,,,0.05803571428571429,0.4941964285714286,0.7476190476190476,0.05803571428571429
NEW_CONFIRMATION,P4-W0_TASK_ONLY,BE_ROUTE+P4-W0_TASK_ONLY,evaluation,U_keep,16,130,130,130,16,31,31,0.6966901154401154,0.41184388528138527,0.552042748917749,0.12267306709984742,1.0,0.30330988455988456,0.6966901154401154,,,0.6840255230880231,0.3807156385281385
NEW_CONFIRMATION,P4-W0_TASK_ONLY,BE_ROUTE+P4-W0_TASK_ONLY,evaluation,cross_family_confirmation,16,32,16,16,10,16,10,1.0,1.0,0.0,,0.5,0.0,1.0,1.0,1.0,1.0,1.0
NEW_CONFIRMATION,P4-W0_TASK_ONLY,BE_ROUTE+P4-W0_TASK_ONLY,evaluation,source_style_confirmation,16,32,16,19,10,16,10,1.0,1.0,0.0,,0.59375,0.0,1.0,1.0,1.0,1.0,1.0
NEW_CONFIRMATION,P4-W0_TASK_ONLY,BE_ROUTE+P4-W0_TASK_ONLY,fit,H_all,16,28,28,27,16,9,8,0.041666666666666664,0.9375,0.0625,0.5794606581330299,0.9791666666666666,0.9479166666666666,0.05208333333333333,0.0,0.0,0.9375,0.0
NEW_CONFIRMATION,P4-W0_TASK_ONLY,BE_ROUTE+P4-W0_TASK_ONLY,fit,H_base_wrong,1,1,1,0,0,1,0,0.0,0.0,1.0,0.0,0.0,,,0.0,0.0,0.0,0.0
NEW_CONFIRMATION,P4-W0_TASK_ONLY,BE_ROUTE+P4-W0_TASK_ONLY,fit,H_keep,16,27,27,27,16,8,8,0.05208333333333333,0.9479166666666666,0.05208333333333333,0.5858260237922271,1.0,0.9479166666666666,0.05208333333333333,,,0.9479166666666666,0.0
NEW_CONFIRMATION,P4-W0_TASK_ONLY,BE_ROUTE+P4-W0_TASK_ONLY,fit,U_all,16,217,217,129,16,43,33,0.38118131868131866,0.3173076923076923,0.45982142857142855,0.13534510230465957,0.5951236263736264,0.37294146825396823,0.6270585317460318,0.042782738095238096,0.5248511904761904,0.7383241758241759,0.23729395604395603
NEW_CONFIRMATION,P4-W0_TASK_ONLY,BE_ROUTE+P4-W0_TASK_ONLY,fit,U_base_wrong,16,88,88,0,0,22,0,0.042782738095238096,0.2507688492063492,0.4751488095238095,0.15875039848844089,0.0,,,0.042782738095238096,0.5248511904761904,0.7330605158730159,0.042782738095238096
NEW_CONFIRMATION,P4-W0_TASK_ONLY,BE_ROUTE+P4-W0_TASK_ONLY,fit,U_keep,16,129,129,129,16,33,33,0.6270585317460318,0.3744543650793651,0.44915674603174605,0.12291574330464798,1.0,0.37294146825396823,0.6270585317460318,,,0.7437996031746031,0.3708581349206349
NEW_CONFIRMATION,P4-W0_TASK_ONLY,BE_ROUTE+P4-W0_TASK_ONLY,fit,positive,16,64,16,18,6,16,6,1.0,1.0,0.0,,0.28125,0.0,1.0,1.0,1.0,1.0,1.0
NEW_CONFIRMATION,P4-W0_TASK_ONLY,BE_ROUTE+P4-W0_TASK_ONLY,native,positive,16,16,16,0,0,16,0,1.0,1.0,0.0,,0.0,,,1.0,1.0,1.0,1.0
NEW_CONFIRMATION,P4-W0_TASK_ONLY,FORCED_ON,calibration,H_all,15,21,21,20,15,7,6,0.0,1.0,0.0,0.5983468701442083,0.9666666666666667,1.0,0.0,0.0,1.0,1.0,0.0
NEW_CONFIRMATION,P4-W0_TASK_ONLY,FORCED_ON,calibration,H_base_wrong,1,1,1,0,0,1,0,0.0,1.0,0.0,0.4710497260093689,0.0,,,0.0,1.0,1.0,0.0
NEW_CONFIRMATION,P4-W0_TASK_ONLY,FORCED_ON,calibration,H_keep,15,20,20,20,15,6,6,0.0,1.0,0.0,0.5994715422391892,1.0,1.0,0.0,,,1.0,0.0
NEW_CONFIRMATION,P4-W0_TASK_ONLY,FORCED_ON,calibration,U_all,16,216,216,145,16,41,34,0.39629120879120877,0.3866758241758242,0.28331043956043955,0.17998597632136448,0.6727335164835165,0.4620986652236652,0.5379013347763347,0.12931547619047618,0.7341517857142857,1.0,0.39629120879120877
NEW_CONFIRMATION,P4-W0_TASK_ONLY,FORCED_ON,calibration,U_base_wrong,16,71,71,0,0,20,0,0.12931547619047618,0.2980654761904762,0.26584821428571426,0.21452345423874378,0.0,,,0.12931547619047618,0.7341517857142857,1.0,0.12931547619047618
NEW_CONFIRMATION,P4-W0_TASK_ONLY,FORCED_ON,calibration,U_keep,16,145,145,145,16,34,34,0.5379013347763347,0.44274215367965364,0.2930420274170274,0.16056348193447423,1.0,0.4620986652236652,0.5379013347763347,,,1.0,0.5379013347763347
NEW_CONFIRMATION,P4-W0_TASK_ONLY,FORCED_ON,calibration,positive,16,64,16,21,8,16,8,1.0,1.0,0.0,,0.328125,0.0,1.0,1.0,1.0,1.0,1.0
NEW_CONFIRMATION,P4-W0_TASK_ONLY,FORCED_ON,challenge,same_answer_context_not_conflict,15,32,32,20,11,6,6,1.0,1.0,0.0,0.6761741184857156,0.6111111111111112,0.0,1.0,1.0,1.0,1.0,1.0
NEW_CONFIRMATION,P4-W0_TASK_ONLY,FORCED_ON,evaluation,H_all,15,20,20,15,13,7,6,0.0,1.0,0.0,0.6040024608373642,0.7666666666666667,1.0,0.0,0.0,1.0,1.0,0.0
NEW_CONFIRMATION,P4-W0_TASK_ONLY,FORCED_ON,evaluation,H_base_wrong,5,5,5,0,0,1,0,0.0,1.0,0.0,0.6132313251495362,0.0,,,0.0,1.0,1.0,0.0
NEW_CONFIRMATION,P4-W0_TASK_ONLY,FORCED_ON,evaluation,H_keep,13,15,15,15,13,6,6,0.0,1.0,0.0,0.5937330825970724,1.0,1.0,0.0,,,1.0,0.0
NEW_CONFIRMATION,P4-W0_TASK_ONLY,FORCED_ON,evaluation,U_all,16,202,202,130,16,41,31,0.399496336996337,0.38930860805860806,0.33499313186813184,0.16756601219570327,0.6419986263736264,0.45450036075036077,0.5454996392496393,0.15104166666666666,0.6997023809523809,1.0,0.399496336996337
NEW_CONFIRMATION,P4-W0_TASK_ONLY,FORCED_ON,evaluation,U_base_wrong,16,72,72,0,0,23,0,0.15104166666666666,0.3144345238095238,0.30029761904761904,0.17532486931112154,0.0,,,0.15104166666666666,0.6997023809523809,1.0,0.15104166666666666
NEW_CONFIRMATION,P4-W0_TASK_ONLY,FORCED_ON,evaluation,U_keep,16,130,130,130,16,31,31,0.5454996392496393,0.44041531385281385,0.3555127164502164,0.1647327398166561,1.0,0.45450036075036077,0.5454996392496393,,,1.0,0.5454996392496393
NEW_CONFIRMATION,P4-W0_TASK_ONLY,FORCED_ON,evaluation,cross_family_confirmation,16,32,16,16,10,16,10,1.0,1.0,0.0,,0.5,0.0,1.0,1.0,1.0,1.0,1.0
NEW_CONFIRMATION,P4-W0_TASK_ONLY,FORCED_ON,evaluation,source_style_confirmation,16,32,16,19,10,16,10,1.0,1.0,0.0,,0.59375,0.0,1.0,1.0,1.0,1.0,1.0
NEW_CONFIRMATION,P4-W0_TASK_ONLY,FORCED_ON,fit,H_all,16,28,28,27,16,9,8,0.0,1.0,0.0,0.6128628191848596,0.9791666666666666,1.0,0.0,0.0,1.0,1.0,0.0
NEW_CONFIRMATION,P4-W0_TASK_ONLY,FORCED_ON,fit,H_base_wrong,1,1,1,0,0,1,0,0.0,1.0,0.0,0.477297306060791,0.0,,,0.0,1.0,1.0,0.0
NEW_CONFIRMATION,P4-W0_TASK_ONLY,FORCED_ON,fit,H_keep,16,27,27,27,16,8,8,0.0,1.0,0.0,0.6144081863264242,1.0,1.0,0.0,,,1.0,0.0
NEW_CONFIRMATION,P4-W0_TASK_ONLY,FORCED_ON,fit,U_all,16,217,217,129,16,43,33,0.35370879120879123,0.36160714285714285,0.3008241758241758,0.16781839081230937,0.5951236263736264,0.4807539682539682,0.5192460317460318,0.12053571428571427,0.6908482142857143,1.0,0.35370879120879123
NEW_CONFIRMATION,P4-W0_TASK_ONLY,FORCED_ON,fit,U_base_wrong,16,88,88,0,0,22,0,0.12053571428571427,0.3160218253968254,0.3091517857142857,0.19871241747711635,0.0,,,0.12053571428571427,0.6908482142857143,1.0,0.12053571428571427
NEW_CONFIRMATION,P4-W0_TASK_ONLY,FORCED_ON,fit,U_keep,16,129,129,129,16,33,33,0.5192460317460318,0.4065724206349206,0.29804067460317457,0.14687816985267366,1.0,0.4807539682539682,0.5192460317460318,,,1.0,0.5192460317460318
NEW_CONFIRMATION,P4-W0_TASK_ONLY,FORCED_ON,fit,positive,16,64,16,18,6,16,6,1.0,1.0,0.0,,0.28125,0.0,1.0,1.0,1.0,1.0,1.0
NEW_CONFIRMATION,P4-W0_TASK_ONLY,FORCED_ON,native,positive,16,16,16,0,0,16,0,1.0,1.0,0.0,,0.0,,,1.0,1.0,1.0,1.0
NEW_CONFIRMATION,P4-W1_KL_0.1,BASE,calibration,H_all,15,21,21,20,15,7,6,0.9666666666666667,0.0,1.0,0.0,0.9666666666666667,0.0,1.0,0.0,0.0,0.0,0.0
NEW_CONFIRMATION,P4-W1_KL_0.1,BASE,calibration,H_base_wrong,1,1,1,0,0,1,0,0.0,0.0,1.0,0.0,0.0,,,0.0,0.0,0.0,0.0
NEW_CONFIRMATION,P4-W1_KL_0.1,BASE,calibration,H_keep,15,20,20,20,15,6,6,1.0,0.0,1.0,0.0,1.0,0.0,1.0,,,0.0,0.0
NEW_CONFIRMATION,P4-W1_KL_0.1,BASE,calibration,U_all,16,216,216,145,16,41,34,0.6727335164835165,0.28708791208791207,1.0,0.0,0.6727335164835165,0.0,1.0,0.0,0.0,0.0,0.0
NEW_CONFIRMATION,P4-W1_KL_0.1,BASE,calibration,U_base_wrong,16,71,71,0,0,20,0,0.0,0.209375,1.0,0.0,0.0,,,0.0,0.0,0.0,0.0
NEW_CONFIRMATION,P4-W1_KL_0.1,BASE,calibration,U_keep,16,145,145,145,16,34,34,1.0,0.33247429653679655,1.0,0.0,1.0,0.0,1.0,,,0.0,0.0
NEW_CONFIRMATION,P4-W1_KL_0.1,BASE,calibration,positive,16,64,16,21,8,16,8,0.328125,0.328125,1.0,,0.328125,0.0,1.0,0.0,0.0,0.0,0.0
NEW_CONFIRMATION,P4-W1_KL_0.1,BASE,challenge,same_answer_context_not_conflict,15,32,32,20,11,6,6,0.6111111111111112,0.6111111111111112,1.0,0.0,0.6111111111111112,0.0,1.0,0.0,0.0,0.0,0.0
NEW_CONFIRMATION,P4-W1_KL_0.1,BASE,evaluation,H_all,15,20,20,15,13,7,6,0.7666666666666667,0.13333333333333333,1.0,0.0,0.7666666666666667,0.0,1.0,0.0,0.0,0.0,0.0
NEW_CONFIRMATION,P4-W1_KL_0.1,BASE,evaluation,H_base_wrong,5,5,5,0,0,1,0,0.0,0.4,1.0,0.0,0.0,,,0.0,0.0,0.0,0.0
NEW_CONFIRMATION,P4-W1_KL_0.1,BASE,evaluation,H_keep,13,15,15,15,13,6,6,1.0,0.0,1.0,0.0,1.0,0.0,1.0,,,0.0,0.0
NEW_CONFIRMATION,P4-W1_KL_0.1,BASE,evaluation,U_all,16,202,202,130,16,41,31,0.6419986263736264,0.2566964285714286,1.0,0.0,0.6419986263736264,0.0,1.0,0.0,0.0,0.0,0.0
NEW_CONFIRMATION,P4-W1_KL_0.1,BASE,evaluation,U_base_wrong,16,72,72,0,0,23,0,0.0,0.121875,1.0,0.0,0.0,,,0.0,0.0,0.0,0.0
NEW_CONFIRMATION,P4-W1_KL_0.1,BASE,evaluation,U_keep,16,130,130,130,16,31,31,1.0,0.33909181096681096,1.0,0.0,1.0,0.0,1.0,,,0.0,0.0
NEW_CONFIRMATION,P4-W1_KL_0.1,BASE,evaluation,cross_family_confirmation,16,32,16,16,10,16,10,0.5,0.5,1.0,,0.5,0.0,1.0,0.0,0.0,0.0,0.0
NEW_CONFIRMATION,P4-W1_KL_0.1,BASE,evaluation,source_style_confirmation,16,32,16,19,10,16,10,0.59375,0.59375,1.0,,0.59375,0.0,1.0,0.0,0.0,0.0,0.0
NEW_CONFIRMATION,P4-W1_KL_0.1,BASE,fit,H_all,16,28,28,27,16,9,8,0.9791666666666666,0.0,1.0,0.0,0.9791666666666666,0.0,1.0,0.0,0.0,0.0,0.0
NEW_CONFIRMATION,P4-W1_KL_0.1,BASE,fit,H_base_wrong,1,1,1,0,0,1,0,0.0,0.0,1.0,0.0,0.0,,,0.0,0.0,0.0,0.0
NEW_CONFIRMATION,P4-W1_KL_0.1,BASE,fit,H_keep,16,27,27,27,16,8,8,1.0,0.0,1.0,0.0,1.0,0.0,1.0,,,0.0,0.0
NEW_CONFIRMATION,P4-W1_KL_0.1,BASE,fit,U_all,16,217,217,129,16,43,33,0.5951236263736264,0.2657967032967033,1.0,0.0,0.5951236263736264,0.0,1.0,0.0,0.0,0.0,0.0
NEW_CONFIRMATION,P4-W1_KL_0.1,BASE,fit,U_base_wrong,16,88,88,0,0,22,0,0.0,0.22628968253968254,1.0,0.0,0.0,,,0.0,0.0,0.0,0.0
NEW_CONFIRMATION,P4-W1_KL_0.1,BASE,fit,U_keep,16,129,129,129,16,33,33,1.0,0.32276785714285716,1.0,0.0,1.0,0.0,1.0,,,0.0,0.0
NEW_CONFIRMATION,P4-W1_KL_0.1,BASE,fit,positive,16,64,16,18,6,16,6,0.28125,0.28125,1.0,,0.28125,0.0,1.0,0.0,0.0,0.0,0.0
NEW_CONFIRMATION,P4-W1_KL_0.1,BASE,native,positive,16,16,16,0,0,16,0,0.0,0.0,1.0,,0.0,,,0.0,0.0,0.0,0.0
NEW_CONFIRMATION,P4-W1_KL_0.1,BE_ROUTE+P4-W1_KL_0.1,calibration,H_all,15,21,21,20,15,7,6,0.3,0.6666666666666666,0.2,0.08295650807364534,0.9666666666666667,0.6666666666666666,0.3333333333333333,0.0,1.0,0.9333333333333333,0.23333333333333334
NEW_CONFIRMATION,P4-W1_KL_0.1,BE_ROUTE+P4-W1_KL_0.1,calibration,H_base_wrong,1,1,1,0,0,1,0,0.0,0.0,0.0,0.00866542849689722,0.0,,,0.0,1.0,1.0,0.0
NEW_CONFIRMATION,P4-W1_KL_0.1,BE_ROUTE+P4-W1_KL_0.1,calibration,H_keep,15,20,20,20,15,6,6,0.3333333333333333,0.6666666666666666,0.23333333333333334,0.0826676604570821,1.0,0.6666666666666666,0.3333333333333333,,,0.9,0.23333333333333334
NEW_CONFIRMATION,P4-W1_KL_0.1,BE_ROUTE+P4-W1_KL_0.1,calibration,U_all,16,216,216,145,16,41,34,0.632554945054945,0.3540521978021978,0.7630494505494506,0.008582977940677465,0.6727335164835165,0.09385822510822511,0.9061417748917749,0.0515625,0.18333333333333335,0.7912087912087912,0.45947802197802196
NEW_CONFIRMATION,P4-W1_KL_0.1,BE_ROUTE+P4-W1_KL_0.1,calibration,U_base_wrong,16,71,71,0,0,20,0,0.0515625,0.2640625,0.8166666666666667,0.009116507630642446,0.0,,,0.0515625,0.18333333333333335,0.9056547619047619,0.0515625
NEW_CONFIRMATION,P4-W1_KL_0.1,BE_ROUTE+P4-W1_KL_0.1,calibration,U_keep,16,145,145,145,16,34,34,0.9061417748917749,0.421518759018759,0.7416080447330448,0.00768134856894696,1.0,0.09385822510822511,0.9061417748917749,,,0.7437793109668109,0.6499210858585859
NEW_CONFIRMATION,P4-W1_KL_0.1,BE_ROUTE+P4-W1_KL_0.1,calibration,positive,16,64,16,21,8,16,8,0.984375,0.984375,0.0,,0.328125,0.0,1.0,0.9807692307692307,1.0,1.0,0.984375
NEW_CONFIRMATION,P4-W1_KL_0.1,BE_ROUTE+P4-W1_KL_0.1,challenge,same_answer_context_not_conflict,15,32,32,20,11,6,6,1.0,1.0,0.03333333333333333,0.19226437514854802,0.6111111111111112,0.0,1.0,1.0,1.0,0.9666666666666667,0.9666666666666667
NEW_CONFIRMATION,P4-W1_KL_0.1,BE_ROUTE+P4-W1_KL_0.1,evaluation,H_all,15,20,20,15,13,7,6,0.3,0.6,0.16666666666666666,0.08595513304074605,0.7666666666666667,0.5384615384615384,0.46153846153846156,0.0,0.8,0.9666666666666667,0.26666666666666666
NEW_CONFIRMATION,P4-W1_KL_0.1,BE_ROUTE+P4-W1_KL_0.1,evaluation,H_base_wrong,5,5,5,0,0,1,0,0.0,0.4,0.2,0.08035888588055969,0.0,,,0.0,0.8,1.0,0.0
NEW_CONFIRMATION,P4-W1_KL_0.1,BE_ROUTE+P4-W1_KL_0.1,evaluation,H_keep,13,15,15,15,13,6,6,0.46153846153846156,0.5384615384615384,0.23076923076923078,0.06946853374560866,1.0,0.5384615384615384,0.46153846153846156,,,0.9230769230769231,0.38461538461538464
NEW_CONFIRMATION,P4-W1_KL_0.1,BE_ROUTE+P4-W1_KL_0.1,evaluation,U_all,16,202,202,130,16,41,31,0.5843063186813187,0.30918040293040294,0.7952724358974359,0.008290453359042839,0.6419986263736264,0.10166847041847041,0.8983315295815296,0.019345238095238096,0.16428571428571428,0.7054143772893773,0.37797619047619047
NEW_CONFIRMATION,P4-W1_KL_0.1,BE_ROUTE+P4-W1_KL_0.1,evaluation,U_base_wrong,16,72,72,0,0,23,0,0.019345238095238096,0.14642857142857144,0.8357142857142857,0.0051686894999138965,0.0,,,0.019345238095238096,0.16428571428571428,0.7476190476190476,0.019345238095238096
NEW_CONFIRMATION,P4-W1_KL_0.1,BE_ROUTE+P4-W1_KL_0.1,evaluation,U_keep,16,130,130,130,16,31,31,0.8983315295815296,0.40358044733044734,0.7825306637806637,0.010413316564814368,1.0,0.10166847041847041,0.8983315295815296,,,0.6840255230880231,0.5823570526695526
NEW_CONFIRMATION,P4-W1_KL_0.1,BE_ROUTE+P4-W1_KL_0.1,evaluation,cross_family_confirmation,16,32,16,16,10,16,10,1.0,1.0,0.0,,0.5,0.0,1.0,1.0,1.0,1.0,1.0
NEW_CONFIRMATION,P4-W1_KL_0.1,BE_ROUTE+P4-W1_KL_0.1,evaluation,source_style_confirmation,16,32,16,19,10,16,10,1.0,1.0,0.0,,0.59375,0.0,1.0,1.0,1.0,1.0,1.0
NEW_CONFIRMATION,P4-W1_KL_0.1,BE_ROUTE+P4-W1_KL_0.1,fit,H_all,16,28,28,27,16,9,8,0.3854166666666667,0.59375,0.3020833333333333,0.04612083099588441,0.9791666666666666,0.59375,0.40625,0.0,0.0,0.9375,0.34375
NEW_CONFIRMATION,P4-W1_KL_0.1,BE_ROUTE+P4-W1_KL_0.1,fit,H_base_wrong,1,1,1,0,0,1,0,0.0,0.0,1.0,0.0,0.0,,,0.0,0.0,0.0,0.0
NEW_CONFIRMATION,P4-W1_KL_0.1,BE_ROUTE+P4-W1_KL_0.1,fit,H_keep,16,27,27,27,16,8,8,0.40625,0.59375,0.3020833333333333,0.04621165712402823,1.0,0.59375,0.40625,,,0.9479166666666666,0.3541666666666667
NEW_CONFIRMATION,P4-W1_KL_0.1,BE_ROUTE+P4-W1_KL_0.1,fit,U_all,16,217,217,129,16,43,33,0.5226648351648352,0.30597527472527475,0.8193681318681318,0.005214838302236076,0.5951236263736264,0.11264880952380953,0.8873511904761905,0.010416666666666666,0.10052083333333334,0.7383241758241759,0.3787774725274725
NEW_CONFIRMATION,P4-W1_KL_0.1,BE_ROUTE+P4-W1_KL_0.1,fit,U_base_wrong,16,88,88,0,0,22,0,0.010416666666666666,0.2367063492063492,0.8994791666666667,0.004769392696592452,0.0,,,0.010416666666666666,0.10052083333333334,0.7330605158730159,0.010416666666666666
NEW_CONFIRMATION,P4-W1_KL_0.1,BE_ROUTE+P4-W1_KL_0.1,fit,U_keep,16,129,129,129,16,33,33,0.8873511904761905,0.37408234126984125,0.7873015873015873,0.0055826509192056185,1.0,0.11264880952380953,0.8873511904761905,,,0.7437996031746031,0.6311507936507936
NEW_CONFIRMATION,P4-W1_KL_0.1,BE_ROUTE+P4-W1_KL_0.1,fit,positive,16,64,16,18,6,16,6,1.0,1.0,0.0,,0.28125,0.0,1.0,1.0,1.0,1.0,1.0
NEW_CONFIRMATION,P4-W1_KL_0.1,BE_ROUTE+P4-W1_KL_0.1,native,positive,16,16,16,0,0,16,0,1.0,1.0,0.0,,0.0,,,1.0,1.0,1.0,1.0
NEW_CONFIRMATION,P4-W1_KL_0.1,FORCED_ON,calibration,H_all,15,21,21,20,15,7,6,0.3,0.6666666666666666,0.13333333333333333,0.08345452027861029,0.9666666666666667,0.6666666666666666,0.3333333333333333,0.0,1.0,1.0,0.3
NEW_CONFIRMATION,P4-W1_KL_0.1,FORCED_ON,calibration,H_base_wrong,1,1,1,0,0,1,0,0.0,0.0,0.0,0.00866542849689722,0.0,,,0.0,1.0,1.0,0.0
NEW_CONFIRMATION,P4-W1_KL_0.1,FORCED_ON,calibration,H_keep,15,20,20,20,15,6,6,0.3333333333333333,0.6666666666666666,0.13333333333333333,0.08340405493509025,1.0,0.6666666666666666,0.3333333333333333,,,1.0,0.3333333333333333
NEW_CONFIRMATION,P4-W1_KL_0.1,FORCED_ON,calibration,U_all,16,216,216,145,16,41,34,0.6191620879120879,0.37637362637362637,0.6823489010989011,0.01109521134049918,0.6727335164835165,0.13235254329004328,0.8676474567099567,0.08132440476190476,0.23913690476190477,1.0,0.6191620879120879
NEW_CONFIRMATION,P4-W1_KL_0.1,FORCED_ON,calibration,U_base_wrong,16,71,71,0,0,20,0,0.08132440476190476,0.2834077380952381,0.7608630952380953,0.010750444689195622,0.0,,,0.08132440476190476,0.23913690476190477,1.0,0.08132440476190476
NEW_CONFIRMATION,P4-W1_KL_0.1,FORCED_ON,calibration,U_keep,16,145,145,145,16,34,34,0.8676474567099567,0.441831259018759,0.6549963924963925,0.010637755942123812,1.0,0.13235254329004328,0.8676474567099567,,,1.0,0.8676474567099567
NEW_CONFIRMATION,P4-W1_KL_0.1,FORCED_ON,calibration,positive,16,64,16,21,8,16,8,0.984375,0.984375,0.0,,0.328125,0.0,1.0,0.9807692307692307,1.0,1.0,0.984375
NEW_CONFIRMATION,P4-W1_KL_0.1,FORCED_ON,challenge,same_answer_context_not_conflict,15,32,32,20,11,6,6,1.0,1.0,0.0,0.21229689425064457,0.6111111111111112,0.0,1.0,1.0,1.0,1.0,1.0
NEW_CONFIRMATION,P4-W1_KL_0.1,FORCED_ON,evaluation,H_all,15,20,20,15,13,7,6,0.3,0.6,0.13333333333333333,0.08614716484832267,0.7666666666666667,0.5384615384615384,0.46153846153846156,0.0,0.8,1.0,0.3
NEW_CONFIRMATION,P4-W1_KL_0.1,FORCED_ON,evaluation,H_base_wrong,5,5,5,0,0,1,0,0.0,0.4,0.2,0.08035888588055969,0.0,,,0.0,0.8,1.0,0.0
NEW_CONFIRMATION,P4-W1_KL_0.1,FORCED_ON,evaluation,H_keep,13,15,15,15,13,6,6,0.46153846153846156,0.5384615384615384,0.15384615384615385,0.06991168407078546,1.0,0.5384615384615384,0.46153846153846156,,,1.0,0.46153846153846156
NEW_CONFIRMATION,P4-W1_KL_0.1,FORCED_ON,evaluation,U_all,16,202,202,130,16,41,31,0.5987293956043956,0.3524496336996337,0.6786858974358975,0.011618348216994064,0.6419986263736264,0.1280573593073593,0.8719426406926407,0.11235119047619047,0.3104166666666667,1.0,0.5987293956043956
NEW_CONFIRMATION,P4-W1_KL_0.1,FORCED_ON,evaluation,U_base_wrong,16,72,72,0,0,23,0,0.11235119047619047,0.23050595238095237,0.6895833333333333,0.008386803291898018,0.0,,,0.11235119047619047,0.3104166666666667,1.0,0.11235119047619047
NEW_CONFIRMATION,P4-W1_KL_0.1,FORCED_ON,evaluation,U_keep,16,130,130,130,16,31,31,0.8719426406926407,0.42441378066378066,0.6921266233766233,0.013551002779197746,1.0,0.1280573593073593,0.8719426406926407,,,1.0,0.8719426406926407
NEW_CONFIRMATION,P4-W1_KL_0.1,FORCED_ON,evaluation,cross_family_confirmation,16,32,16,16,10,16,10,1.0,1.0,0.0,,0.5,0.0,1.0,1.0,1.0,1.0,1.0
NEW_CONFIRMATION,P4-W1_KL_0.1,FORCED_ON,evaluation,source_style_confirmation,16,32,16,19,10,16,10,1.0,1.0,0.0,,0.59375,0.0,1.0,1.0,1.0,1.0,1.0
NEW_CONFIRMATION,P4-W1_KL_0.1,FORCED_ON,fit,H_all,16,28,28,27,16,9,8,0.3854166666666667,0.59375,0.23958333333333331,0.04658152282354422,0.9791666666666666,0.59375,0.40625,0.0,1.0,1.0,0.3854166666666667
NEW_CONFIRMATION,P4-W1_KL_0.1,FORCED_ON,fit,H_base_wrong,1,1,1,0,0,1,0,0.0,0.0,0.0,0.00842064805328846,0.0,,,0.0,1.0,1.0,0.0
NEW_CONFIRMATION,P4-W1_KL_0.1,FORCED_ON,fit,H_keep,16,27,27,27,16,8,8,0.40625,0.59375,0.25,0.0465624127779544,1.0,0.59375,0.40625,,,1.0,0.40625
NEW_CONFIRMATION,P4-W1_KL_0.1,FORCED_ON,fit,U_all,16,217,217,129,16,43,33,0.5182005494505495,0.33722527472527475,0.7558379120879121,0.007076342059343125,0.5951236263736264,0.15535714285714286,0.8446428571428571,0.04538690476190476,0.17194940476190476,1.0,0.5182005494505495
NEW_CONFIRMATION,P4-W1_KL_0.1,FORCED_ON,fit,U_base_wrong,16,88,88,0,0,22,0,0.04538690476190476,0.2638640873015873,0.8280505952380952,0.006714907295001525,0.0,,,0.04538690476190476,0.17194940476190476,1.0,0.04538690476190476
NEW_CONFIRMATION,P4-W1_KL_0.1,FORCED_ON,fit,U_keep,16,129,129,129,16,33,33,0.8446428571428571,0.4105406746031746,0.7278521825396825,0.007413091412848059,1.0,0.15535714285714286,0.8446428571428571,,,1.0,0.8446428571428571
NEW_CONFIRMATION,P4-W1_KL_0.1,FORCED_ON,fit,positive,16,64,16,18,6,16,6,1.0,1.0,0.0,,0.28125,0.0,1.0,1.0,1.0,1.0,1.0
NEW_CONFIRMATION,P4-W1_KL_0.1,FORCED_ON,native,positive,16,16,16,0,0,16,0,1.0,1.0,0.0,,0.0,,,1.0,1.0,1.0,1.0
NEW_CONFIRMATION,P4-W2_GROUP_CONSTRAINED,BASE,calibration,H_all,15,21,21,20,15,7,6,0.9666666666666667,0.0,1.0,0.0,0.9666666666666667,0.0,1.0,0.0,0.0,0.0,0.0
NEW_CONFIRMATION,P4-W2_GROUP_CONSTRAINED,BASE,calibration,H_base_wrong,1,1,1,0,0,1,0,0.0,0.0,1.0,0.0,0.0,,,0.0,0.0,0.0,0.0
NEW_CONFIRMATION,P4-W2_GROUP_CONSTRAINED,BASE,calibration,H_keep,15,20,20,20,15,6,6,1.0,0.0,1.0,0.0,1.0,0.0,1.0,,,0.0,0.0
NEW_CONFIRMATION,P4-W2_GROUP_CONSTRAINED,BASE,calibration,U_all,16,216,216,145,16,41,34,0.6727335164835165,0.28708791208791207,1.0,0.0,0.6727335164835165,0.0,1.0,0.0,0.0,0.0,0.0
NEW_CONFIRMATION,P4-W2_GROUP_CONSTRAINED,BASE,calibration,U_base_wrong,16,71,71,0,0,20,0,0.0,0.209375,1.0,0.0,0.0,,,0.0,0.0,0.0,0.0
NEW_CONFIRMATION,P4-W2_GROUP_CONSTRAINED,BASE,calibration,U_keep,16,145,145,145,16,34,34,1.0,0.33247429653679655,1.0,0.0,1.0,0.0,1.0,,,0.0,0.0
NEW_CONFIRMATION,P4-W2_GROUP_CONSTRAINED,BASE,calibration,positive,16,64,16,21,8,16,8,0.328125,0.328125,1.0,,0.328125,0.0,1.0,0.0,0.0,0.0,0.0
NEW_CONFIRMATION,P4-W2_GROUP_CONSTRAINED,BASE,challenge,same_answer_context_not_conflict,15,32,32,20,11,6,6,0.6111111111111112,0.6111111111111112,1.0,0.0,0.6111111111111112,0.0,1.0,0.0,0.0,0.0,0.0
NEW_CONFIRMATION,P4-W2_GROUP_CONSTRAINED,BASE,evaluation,H_all,15,20,20,15,13,7,6,0.7666666666666667,0.13333333333333333,1.0,0.0,0.7666666666666667,0.0,1.0,0.0,0.0,0.0,0.0
NEW_CONFIRMATION,P4-W2_GROUP_CONSTRAINED,BASE,evaluation,H_base_wrong,5,5,5,0,0,1,0,0.0,0.4,1.0,0.0,0.0,,,0.0,0.0,0.0,0.0
NEW_CONFIRMATION,P4-W2_GROUP_CONSTRAINED,BASE,evaluation,H_keep,13,15,15,15,13,6,6,1.0,0.0,1.0,0.0,1.0,0.0,1.0,,,0.0,0.0
NEW_CONFIRMATION,P4-W2_GROUP_CONSTRAINED,BASE,evaluation,U_all,16,202,202,130,16,41,31,0.6419986263736264,0.2566964285714286,1.0,0.0,0.6419986263736264,0.0,1.0,0.0,0.0,0.0,0.0
NEW_CONFIRMATION,P4-W2_GROUP_CONSTRAINED,BASE,evaluation,U_base_wrong,16,72,72,0,0,23,0,0.0,0.121875,1.0,0.0,0.0,,,0.0,0.0,0.0,0.0
NEW_CONFIRMATION,P4-W2_GROUP_CONSTRAINED,BASE,evaluation,U_keep,16,130,130,130,16,31,31,1.0,0.33909181096681096,1.0,0.0,1.0,0.0,1.0,,,0.0,0.0
NEW_CONFIRMATION,P4-W2_GROUP_CONSTRAINED,BASE,evaluation,cross_family_confirmation,16,32,16,16,10,16,10,0.5,0.5,1.0,,0.5,0.0,1.0,0.0,0.0,0.0,0.0
NEW_CONFIRMATION,P4-W2_GROUP_CONSTRAINED,BASE,evaluation,source_style_confirmation,16,32,16,19,10,16,10,0.59375,0.59375,1.0,,0.59375,0.0,1.0,0.0,0.0,0.0,0.0
NEW_CONFIRMATION,P4-W2_GROUP_CONSTRAINED,BASE,fit,H_all,16,28,28,27,16,9,8,0.9791666666666666,0.0,1.0,0.0,0.9791666666666666,0.0,1.0,0.0,0.0,0.0,0.0
NEW_CONFIRMATION,P4-W2_GROUP_CONSTRAINED,BASE,fit,H_base_wrong,1,1,1,0,0,1,0,0.0,0.0,1.0,0.0,0.0,,,0.0,0.0,0.0,0.0
NEW_CONFIRMATION,P4-W2_GROUP_CONSTRAINED,BASE,fit,H_keep,16,27,27,27,16,8,8,1.0,0.0,1.0,0.0,1.0,0.0,1.0,,,0.0,0.0
NEW_CONFIRMATION,P4-W2_GROUP_CONSTRAINED,BASE,fit,U_all,16,217,217,129,16,43,33,0.5951236263736264,0.2657967032967033,1.0,0.0,0.5951236263736264,0.0,1.0,0.0,0.0,0.0,0.0
NEW_CONFIRMATION,P4-W2_GROUP_CONSTRAINED,BASE,fit,U_base_wrong,16,88,88,0,0,22,0,0.0,0.22628968253968254,1.0,0.0,0.0,,,0.0,0.0,0.0,0.0
NEW_CONFIRMATION,P4-W2_GROUP_CONSTRAINED,BASE,fit,U_keep,16,129,129,129,16,33,33,1.0,0.32276785714285716,1.0,0.0,1.0,0.0,1.0,,,0.0,0.0
NEW_CONFIRMATION,P4-W2_GROUP_CONSTRAINED,BASE,fit,positive,16,64,16,18,6,16,6,0.28125,0.28125,1.0,,0.28125,0.0,1.0,0.0,0.0,0.0,0.0
NEW_CONFIRMATION,P4-W2_GROUP_CONSTRAINED,BASE,native,positive,16,16,16,0,0,16,0,0.0,0.0,1.0,,0.0,,,0.0,0.0,0.0,0.0
NEW_CONFIRMATION,P4-W2_GROUP_CONSTRAINED,BE_ROUTE+P4-W2_GROUP_CONSTRAINED,calibration,H_all,15,21,21,20,15,7,6,0.06666666666666667,0.9333333333333333,0.06666666666666667,0.15011269624034565,0.9666666666666667,0.9,0.1,0.0,1.0,0.9333333333333333,0.0
NEW_CONFIRMATION,P4-W2_GROUP_CONSTRAINED,BE_ROUTE+P4-W2_GROUP_CONSTRAINED,calibration,H_base_wrong,1,1,1,0,0,1,0,0.0,1.0,0.0,0.09805826842784882,0.0,,,0.0,1.0,1.0,0.0
NEW_CONFIRMATION,P4-W2_GROUP_CONSTRAINED,BE_ROUTE+P4-W2_GROUP_CONSTRAINED,calibration,H_keep,15,20,20,20,15,6,6,0.1,0.9,0.1,0.14684408729275067,1.0,0.9,0.1,,,0.9,0.0
NEW_CONFIRMATION,P4-W2_GROUP_CONSTRAINED,BE_ROUTE+P4-W2_GROUP_CONSTRAINED,calibration,U_all,16,216,216,145,16,41,34,0.5473901098901099,0.35267857142857145,0.6212225274725275,0.0331138842854001,0.6727335164835165,0.22251984126984126,0.7774801587301587,0.059375,0.31614583333333335,0.7912087912087912,0.3743131868131868
NEW_CONFIRMATION,P4-W2_GROUP_CONSTRAINED,BE_ROUTE+P4-W2_GROUP_CONSTRAINED,calibration,U_base_wrong,16,71,71,0,0,20,0,0.059375,0.28229166666666666,0.6838541666666667,0.03562006843209626,0.0,,,0.059375,0.31614583333333335,0.9056547619047619,0.059375
NEW_CONFIRMATION,P4-W2_GROUP_CONSTRAINED,BE_ROUTE+P4-W2_GROUP_CONSTRAINED,calibration,U_keep,16,145,145,145,16,34,34,0.7774801587301587,0.41248647186147186,0.5842780483405483,0.029288998033685888,1.0,0.22251984126984126,0.7774801587301587,,,0.7437793109668109,0.5212594696969697
NEW_CONFIRMATION,P4-W2_GROUP_CONSTRAINED,BE_ROUTE+P4-W2_GROUP_CONSTRAINED,calibration,positive,16,64,16,21,8,16,8,1.0,1.0,0.0,,0.328125,0.0,1.0,1.0,1.0,1.0,1.0
NEW_CONFIRMATION,P4-W2_GROUP_CONSTRAINED,BE_ROUTE+P4-W2_GROUP_CONSTRAINED,challenge,same_answer_context_not_conflict,15,32,32,20,11,6,6,1.0,1.0,0.03333333333333333,0.23009867747624715,0.6111111111111112,0.0,1.0,1.0,1.0,0.9666666666666667,0.9666666666666667
NEW_CONFIRMATION,P4-W2_GROUP_CONSTRAINED,BE_ROUTE+P4-W2_GROUP_CONSTRAINED,evaluation,H_all,15,20,20,15,13,7,6,0.03333333333333333,0.9666666666666667,0.03333333333333333,0.15560753544171652,0.7666666666666667,0.9230769230769231,0.07692307692307693,0.0,1.0,0.9666666666666667,0.0
NEW_CONFIRMATION,P4-W2_GROUP_CONSTRAINED,BE_ROUTE+P4-W2_GROUP_CONSTRAINED,evaluation,H_base_wrong,5,5,5,0,0,1,0,0.0,1.0,0.0,0.18639299720525743,0.0,,,0.0,1.0,1.0,0.0
NEW_CONFIRMATION,P4-W2_GROUP_CONSTRAINED,BE_ROUTE+P4-W2_GROUP_CONSTRAINED,evaluation,H_keep,13,15,15,15,13,6,6,0.07692307692307693,0.9230769230769231,0.07692307692307693,0.1363944184894745,1.0,0.9230769230769231,0.07692307692307693,,,0.9230769230769231,0.0
NEW_CONFIRMATION,P4-W2_GROUP_CONSTRAINED,BE_ROUTE+P4-W2_GROUP_CONSTRAINED,evaluation,U_all,16,202,202,130,16,41,31,0.5121909340659341,0.3380265567765568,0.6494391025641025,0.030507636245365507,0.6419986263736264,0.23344381313131313,0.7665561868686869,0.08035714285714285,0.35342261904761907,0.7054143772893773,0.3058608058608059
NEW_CONFIRMATION,P4-W2_GROUP_CONSTRAINED,BE_ROUTE+P4-W2_GROUP_CONSTRAINED,evaluation,U_base_wrong,16,72,72,0,0,23,0,0.08035714285714285,0.18660714285714286,0.6465773809523809,0.02525783664747602,0.0,,,0.08035714285714285,0.35342261904761907,0.7476190476190476,0.08035714285714285
NEW_CONFIRMATION,P4-W2_GROUP_CONSTRAINED,BE_ROUTE+P4-W2_GROUP_CONSTRAINED,evaluation,U_keep,16,130,130,130,16,31,31,0.7665561868686869,0.4323051948051948,0.6368664321789321,0.03416215394327174,1.0,0.23344381313131313,0.7665561868686869,,,0.6840255230880231,0.45058170995670993
NEW_CONFIRMATION,P4-W2_GROUP_CONSTRAINED,BE_ROUTE+P4-W2_GROUP_CONSTRAINED,evaluation,cross_family_confirmation,16,32,16,16,10,16,10,1.0,1.0,0.0,,0.5,0.0,1.0,1.0,1.0,1.0,1.0
NEW_CONFIRMATION,P4-W2_GROUP_CONSTRAINED,BE_ROUTE+P4-W2_GROUP_CONSTRAINED,evaluation,source_style_confirmation,16,32,16,19,10,16,10,1.0,1.0,0.0,,0.59375,0.0,1.0,1.0,1.0,1.0,1.0
NEW_CONFIRMATION,P4-W2_GROUP_CONSTRAINED,BE_ROUTE+P4-W2_GROUP_CONSTRAINED,fit,H_all,16,28,28,27,16,9,8,0.041666666666666664,0.9375,0.0625,0.13483864247488478,0.9791666666666666,0.9479166666666666,0.05208333333333333,0.0,0.0,0.9375,0.0
NEW_CONFIRMATION,P4-W2_GROUP_CONSTRAINED,BE_ROUTE+P4-W2_GROUP_CONSTRAINED,fit,H_base_wrong,1,1,1,0,0,1,0,0.0,0.0,1.0,0.0,0.0,,,0.0,0.0,0.0,0.0
NEW_CONFIRMATION,P4-W2_GROUP_CONSTRAINED,BE_ROUTE+P4-W2_GROUP_CONSTRAINED,fit,H_keep,16,27,27,27,16,8,8,0.05208333333333333,0.9479166666666666,0.05208333333333333,0.13618530899596712,1.0,0.9479166666666666,0.05208333333333333,,,0.9479166666666666,0.0
NEW_CONFIRMATION,P4-W2_GROUP_CONSTRAINED,BE_ROUTE+P4-W2_GROUP_CONSTRAINED,fit,U_all,16,217,217,129,16,43,33,0.44711538461538464,0.3042582417582418,0.6504120879120879,0.027910530983168067,0.5951236263736264,0.24600694444444443,0.7539930555555555,0.024553571428571428,0.27807539682539684,0.7383241758241759,0.30322802197802196
NEW_CONFIRMATION,P4-W2_GROUP_CONSTRAINED,BE_ROUTE+P4-W2_GROUP_CONSTRAINED,fit,U_base_wrong,16,88,88,0,0,22,0,0.024553571428571428,0.26691468253968254,0.7219246031746032,0.024044188325146862,0.0,,,0.024553571428571428,0.27807539682539684,0.7330605158730159,0.024553571428571428
NEW_CONFIRMATION,P4-W2_GROUP_CONSTRAINED,BE_ROUTE+P4-W2_GROUP_CONSTRAINED,fit,U_keep,16,129,129,129,16,33,33,0.7539930555555555,0.35667162698412697,0.5994295634920634,0.030846599213345188,1.0,0.24600694444444443,0.7539930555555555,,,0.7437996031746031,0.4977926587301587
NEW_CONFIRMATION,P4-W2_GROUP_CONSTRAINED,BE_ROUTE+P4-W2_GROUP_CONSTRAINED,fit,positive,16,64,16,18,6,16,6,1.0,1.0,0.0,,0.28125,0.0,1.0,1.0,1.0,1.0,1.0
NEW_CONFIRMATION,P4-W2_GROUP_CONSTRAINED,BE_ROUTE+P4-W2_GROUP_CONSTRAINED,native,positive,16,16,16,0,0,16,0,1.0,1.0,0.0,,0.0,,,1.0,1.0,1.0,1.0
NEW_CONFIRMATION,P4-W2_GROUP_CONSTRAINED,FORCED_ON,calibration,H_all,15,21,21,20,15,7,6,0.0,1.0,0.0,0.15826605260372162,0.9666666666666667,1.0,0.0,0.0,1.0,1.0,0.0
NEW_CONFIRMATION,P4-W2_GROUP_CONSTRAINED,FORCED_ON,calibration,H_base_wrong,1,1,1,0,0,1,0,0.0,1.0,0.0,0.09805826842784882,0.0,,,0.0,1.0,1.0,0.0
NEW_CONFIRMATION,P4-W2_GROUP_CONSTRAINED,FORCED_ON,calibration,H_keep,15,20,20,20,15,6,6,0.0,1.0,0.0,0.15854116107026736,1.0,1.0,0.0,,,1.0,0.0
NEW_CONFIRMATION,P4-W2_GROUP_CONSTRAINED,FORCED_ON,calibration,U_all,16,216,216,145,16,41,34,0.5336538461538461,0.365728021978022,0.5305631868131868,0.037266829624658694,0.6727335164835165,0.26044597763347765,0.7395540223665223,0.08913690476190476,0.37194940476190474,1.0,0.5336538461538461
NEW_CONFIRMATION,P4-W2_GROUP_CONSTRAINED,FORCED_ON,calibration,U_base_wrong,16,71,71,0,0,20,0,0.08913690476190476,0.30163690476190474,0.6280505952380953,0.03775781052549324,0.0,,,0.08913690476190476,0.37194940476190474,1.0,0.08913690476190476
NEW_CONFIRMATION,P4-W2_GROUP_CONSTRAINED,FORCED_ON,calibration,U_keep,16,145,145,145,16,34,34,0.7395540223665223,0.42086715367965366,0.48491387085137083,0.03460378008646237,1.0,0.26044597763347765,0.7395540223665223,,,1.0,0.7395540223665223
NEW_CONFIRMATION,P4-W2_GROUP_CONSTRAINED,FORCED_ON,calibration,positive,16,64,16,21,8,16,8,1.0,1.0,0.0,,0.328125,0.0,1.0,1.0,1.0,1.0,1.0
NEW_CONFIRMATION,P4-W2_GROUP_CONSTRAINED,FORCED_ON,challenge,same_answer_context_not_conflict,15,32,32,20,11,6,6,1.0,1.0,0.0,0.24868465344111124,0.6111111111111112,0.0,1.0,1.0,1.0,1.0,1.0
NEW_CONFIRMATION,P4-W2_GROUP_CONSTRAINED,FORCED_ON,evaluation,H_all,15,20,20,15,13,7,6,0.0,1.0,0.0,0.15933697124322255,0.7666666666666667,1.0,0.0,0.0,1.0,1.0,0.0
NEW_CONFIRMATION,P4-W2_GROUP_CONSTRAINED,FORCED_ON,evaluation,H_base_wrong,5,5,5,0,0,1,0,0.0,1.0,0.0,0.18639299720525743,0.0,,,0.0,1.0,1.0,0.0
NEW_CONFIRMATION,P4-W2_GROUP_CONSTRAINED,FORCED_ON,evaluation,H_keep,13,15,15,15,13,6,6,0.0,1.0,0.0,0.1450008088006423,1.0,1.0,0.0,,,1.0,0.0
NEW_CONFIRMATION,P4-W2_GROUP_CONSTRAINED,FORCED_ON,evaluation,U_all,16,202,202,130,16,41,31,0.5073832417582418,0.39091117216117216,0.5124198717948718,0.03572619837240258,0.6419986263736264,0.28761047979797977,0.7123895202020202,0.17336309523809523,0.5183035714285714,1.0,0.5073832417582418
NEW_CONFIRMATION,P4-W2_GROUP_CONSTRAINED,FORCED_ON,evaluation,U_base_wrong,16,72,72,0,0,23,0,0.17336309523809523,0.2706845238095238,0.4816964285714286,0.03002591216837529,0.0,,,0.17336309523809523,0.5183035714285714,1.0,0.17336309523809523
NEW_CONFIRMATION,P4-W2_GROUP_CONSTRAINED,FORCED_ON,evaluation,U_keep,16,130,130,130,16,31,31,0.7123895202020202,0.46633297258297257,0.5227768759018759,0.03920356607899151,1.0,0.28761047979797977,0.7123895202020202,,,1.0,0.7123895202020202
NEW_CONFIRMATION,P4-W2_GROUP_CONSTRAINED,FORCED_ON,evaluation,cross_family_confirmation,16,32,16,16,10,16,10,1.0,1.0,0.0,,0.5,0.0,1.0,1.0,1.0,1.0,1.0
NEW_CONFIRMATION,P4-W2_GROUP_CONSTRAINED,FORCED_ON,evaluation,source_style_confirmation,16,32,16,19,10,16,10,1.0,1.0,0.0,,0.59375,0.0,1.0,1.0,1.0,1.0,1.0
NEW_CONFIRMATION,P4-W2_GROUP_CONSTRAINED,FORCED_ON,fit,H_all,16,28,28,27,16,9,8,0.0,1.0,0.0,0.1429713265194247,0.9791666666666666,1.0,0.0,0.0,1.0,1.0,0.0
NEW_CONFIRMATION,P4-W2_GROUP_CONSTRAINED,FORCED_ON,fit,H_base_wrong,1,1,1,0,0,1,0,0.0,1.0,0.0,0.10585858672857285,0.0,,,0.0,1.0,1.0,0.0
NEW_CONFIRMATION,P4-W2_GROUP_CONSTRAINED,FORCED_ON,fit,H_keep,16,27,27,27,16,8,8,0.0,1.0,0.0,0.14336153073236346,1.0,1.0,0.0,,,1.0,0.0
NEW_CONFIRMATION,P4-W2_GROUP_CONSTRAINED,FORCED_ON,fit,U_all,16,217,217,129,16,43,33,0.45157967032967034,0.3489010989010989,0.5552884615384616,0.032577525363124624,0.5951236263736264,0.2887152777777778,0.7112847222222222,0.08556547619047619,0.3954861111111111,1.0,0.45157967032967034
NEW_CONFIRMATION,P4-W2_GROUP_CONSTRAINED,FORCED_ON,fit,U_base_wrong,16,88,88,0,0,22,0,0.08556547619047619,0.3279265873015873,0.6045138888888889,0.029746155813360913,0.0,,,0.08556547619047619,0.3954861111111111,1.0,0.08556547619047619
NEW_CONFIRMATION,P4-W2_GROUP_CONSTRAINED,FORCED_ON,fit,U_keep,16,129,129,129,16,33,33,0.7112847222222222,0.39312996031746034,0.5174107142857143,0.034455174429110356,1.0,0.2887152777777778,0.7112847222222222,,,1.0,0.7112847222222222
NEW_CONFIRMATION,P4-W2_GROUP_CONSTRAINED,FORCED_ON,fit,positive,16,64,16,18,6,16,6,1.0,1.0,0.0,,0.28125,0.0,1.0,1.0,1.0,1.0,1.0
NEW_CONFIRMATION,P4-W2_GROUP_CONSTRAINED,FORCED_ON,native,positive,16,16,16,0,0,16,0,1.0,1.0,0.0,,0.0,,,1.0,1.0,1.0,1.0
OLD_DEV16,BE,BASE,calibration,H,7,96,24,12,3,23,3,0.10714285714285714,0.0,1.0,0.0,0.10714285714285714,0.0,1.0,0.0,0.0,0.0,0.0
OLD_DEV16,BE,BASE,calibration,U,7,116,116,44,7,98,44,0.37896825396825395,0.13988095238095238,1.0,0.0,0.37896825396825395,0.0,1.0,0.0,0.0,0.0,0.0
OLD_DEV16,BE,BASE,calibration,positive,7,28,7,2,1,7,1,0.07142857142857142,0.07142857142857142,1.0,,0.07142857142857142,0.0,1.0,0.0,0.0,0.0,0.0
OLD_DEV16,BE,BASE,challenge,same_image_other_fact_challenge,3,26,3,9,2,3,2,0.25,0.08333333333333333,1.0,0.0,0.25,0.0,1.0,0.0,0.0,0.0,0.0
OLD_DEV16,BE,BASE,evaluation,H,7,112,28,4,1,27,2,0.028571428571428574,0.02857142857142857,1.0,0.0,0.028571428571428574,0.0,1.0,0.0,0.0,0.0,0.0
OLD_DEV16,BE,BASE,evaluation,U,7,112,112,44,7,90,42,0.3983291562238931,0.13132832080200502,1.0,0.0,0.3983291562238931,0.0,1.0,0.0,0.0,0.0,0.0
OLD_DEV16,BE,BASE,evaluation,positive,7,28,7,0,0,7,0,0.0,0.0,1.0,,0.0,,,0.0,0.0,0.0,0.0
OLD_DEV16,BE,BASE,fit,H,7,120,24,13,4,24,5,0.12142857142857143,0.0071428571428571435,1.0,0.0,0.12142857142857143,0.0,1.0,0.0,0.0,0.0,0.0
OLD_DEV16,BE,BASE,fit,U,7,116,116,42,7,104,40,0.36408730158730157,0.13988095238095238,1.0,0.0,0.36408730158730157,0.0,1.0,0.0,0.0,0.0,0.0
OLD_DEV16,BE,BASE,fit,positive,7,35,7,0,0,7,0,0.0,0.0,1.0,,0.0,,,0.0,0.0,0.0,0.0
OLD_DEV16,BE,BASE,fit,scope_fit_positive_not_used_for_positive_CE,1,4,1,0,0,1,0,0.0,0.0,1.0,,0.0,,,0.0,0.0,0.0,0.0
OLD_DEV16,BE,BASE,formal_development,T1G,16,62,62,0,0,62,0,0.0,0.0,1.0,,0.0,,,0.0,0.0,0.0,0.0
OLD_DEV16,BE,BASE,formal_development,T1L,7,26,26,19,7,16,13,0.7571428571428571,0.2857142857142857,1.0,,0.7571428571428571,0.0,1.0,0.0,0.0,0.0,0.0
OLD_DEV16,BE,BASE,formal_development,T2G,16,59,16,0,0,16,0,0.0,0.0,1.0,,0.0,,,0.0,0.0,0.0,0.0
OLD_DEV16,BE,BASE,native,positive,16,16,16,0,0,16,0,0.0,0.0,1.0,,0.0,,,0.0,0.0,0.0,0.0
OLD_DEV16,BE,BE_FORCED_ON,calibration,H,7,96,24,12,3,23,3,0.044642857142857144,1.0,0.0,13.087641894817352,0.10714285714285714,1.0,0.0,0.044642857142857144,1.0,1.0,0.044642857142857144
OLD_DEV16,BE,BE_FORCED_ON,calibration,U,7,116,116,44,7,98,44,0.0,0.017857142857142856,0.0,9.531075900509244,0.37896825396825395,1.0,0.0,0.0,1.0,1.0,0.0
OLD_DEV16,BE,BE_FORCED_ON,calibration,positive,7,28,7,2,1,7,1,1.0,1.0,0.0,,0.07142857142857142,0.0,1.0,1.0,1.0,1.0,1.0
OLD_DEV16,BE,BE_FORCED_ON,challenge,same_image_other_fact_challenge,3,26,3,9,2,3,2,0.05555555555555555,0.1388888888888889,0.0,10.671711603800455,0.25,1.0,0.0,0.07407407407407407,1.0,1.0,0.05555555555555555
OLD_DEV16,BE,BE_FORCED_ON,evaluation,H,7,112,28,4,1,27,2,0.10714285714285715,1.0,0.0,13.189209485054016,0.028571428571428574,0.0,1.0,0.10476190476190476,1.0,1.0,0.10714285714285715
OLD_DEV16,BE,BE_FORCED_ON,evaluation,U,7,112,112,44,7,90,42,0.009523809523809523,0.06507936507936508,0.0,9.60604789043927,0.3983291562238931,0.9761904761904762,0.023809523809523808,0.0,1.0,1.0,0.009523809523809523
OLD_DEV16,BE,BE_FORCED_ON,evaluation,positive,7,28,7,0,0,7,0,1.0,1.0,0.0,,0.0,,,1.0,1.0,1.0,1.0
OLD_DEV16,BE,BE_FORCED_ON,fit,H,7,120,24,13,4,24,5,0.12142857142857143,0.9285714285714286,0.0,13.37377040045602,0.12142857142857143,0.625,0.375,0.12301587301587302,1.0,1.0,0.12142857142857143
OLD_DEV16,BE,BE_FORCED_ON,fit,U,7,116,116,42,7,104,40,0.0,0.026785714285714284,0.0,9.435534952651887,0.36408730158730157,1.0,0.0,0.0,1.0,1.0,0.0
OLD_DEV16,BE,BE_FORCED_ON,fit,positive,7,35,7,0,0,7,0,0.9428571428571428,0.9428571428571428,0.0,,0.0,,,0.9428571428571428,1.0,1.0,0.9428571428571428
OLD_DEV16,BE,BE_FORCED_ON,fit,scope_fit_positive_not_used_for_positive_CE,1,4,1,0,0,1,0,1.0,1.0,0.0,,0.0,,,1.0,1.0,1.0,1.0
OLD_DEV16,BE,BE_FORCED_ON,formal_development,T1G,16,62,62,0,0,62,0,0.9375,0.9375,0.0,,0.0,,,0.9375,1.0,1.0,0.9375
OLD_DEV16,BE,BE_FORCED_ON,formal_development,T1L,7,26,26,19,7,16,13,0.4142857142857143,1.0,0.0,,0.7571428571428571,0.7142857142857143,0.2857142857142857,0.5,1.0,1.0,0.4142857142857143
OLD_DEV16,BE,BE_FORCED_ON,formal_development,T2G,16,59,16,0,0,16,0,0.875,0.875,0.0,,0.0,,,0.875,1.0,1.0,0.875
OLD_DEV16,BE,BE_FORCED_ON,native,positive,16,16,16,0,0,16,0,0.9375,0.9375,0.0,,0.0,,,0.9375,1.0,1.0,0.9375
OLD_DEV16,BE,BE_NATIVE_ROUTED,calibration,H,7,96,24,12,3,23,3,0.11607142857142858,0.6785714285714286,0.32142857142857145,8.682648309639522,0.10714285714285714,0.16666666666666666,0.8333333333333334,0.044642857142857144,0.6666666666666666,0.6785714285714286,0.044642857142857144
OLD_DEV16,BE,BE_NATIVE_ROUTED,calibration,U,7,116,116,44,7,98,44,0.12103174603174603,0.03571428571428571,0.3204365079365079,6.4615544908576545,0.37896825396825395,0.7196581196581197,0.28034188034188035,0.0,0.659029859029859,0.6795634920634921,0.0
OLD_DEV16,BE,BE_NATIVE_ROUTED,calibration,positive,7,28,7,2,1,7,1,1.0,1.0,0.0,,0.07142857142857142,0.0,1.0,1.0,1.0,1.0,1.0
OLD_DEV16,BE,BE_NATIVE_ROUTED,challenge,same_image_other_fact_challenge,3,26,3,9,2,3,2,0.05555555555555555,0.1388888888888889,0.0,10.671711603800455,0.25,1.0,0.0,0.07407407407407407,1.0,1.0,0.05555555555555555
OLD_DEV16,BE,BE_NATIVE_ROUTED,evaluation,H,7,112,28,4,1,27,2,0.10714285714285715,0.8285714285714286,0.17142857142857143,11.199130824634008,0.028571428571428574,0.0,1.0,0.10476190476190476,0.8285714285714286,0.8285714285714286,0.10714285714285715
OLD_DEV16,BE,BE_NATIVE_ROUTED,evaluation,U,7,112,112,44,7,90,42,0.09047619047619047,0.06507936507936508,0.22698412698412698,7.455308962386154,0.3983291562238931,0.798469387755102,0.20153061224489796,0.0,0.7341630591630591,0.773015873015873,0.009523809523809523
OLD_DEV16,BE,BE_NATIVE_ROUTED,evaluation,positive,7,28,7,0,0,7,0,1.0,1.0,0.0,,0.0,,,1.0,1.0,1.0,1.0
OLD_DEV16,BE,BE_NATIVE_ROUTED,fit,H,7,120,24,13,4,24,5,0.11428571428571428,0.6428571428571429,0.2857142857142857,9.87812899862017,0.12142857142857143,0.625,0.375,0.11587301587301588,0.7142857142857143,0.7142857142857143,0.11428571428571428
OLD_DEV16,BE,BE_NATIVE_ROUTED,fit,U,7,116,116,42,7,104,40,0.1388888888888889,0.04365079365079365,0.2976190476190476,6.629045782108156,0.36408730158730157,0.7306122448979592,0.2693877551020408,0.0,0.7205445348302492,0.7023809523809523,0.0
OLD_DEV16,BE,BE_NATIVE_ROUTED,fit,positive,7,35,7,0,0,7,0,0.9428571428571428,0.9428571428571428,0.0,,0.0,,,0.9428571428571428,1.0,1.0,0.9428571428571428
OLD_DEV16,BE,BE_NATIVE_ROUTED,fit,scope_fit_positive_not_used_for_positive_CE,1,4,1,0,0,1,0,1.0,1.0,0.0,,0.0,,,1.0,1.0,1.0,1.0
OLD_DEV16,BE,BE_NATIVE_ROUTED,formal_development,T1G,16,62,62,0,0,62,0,0.9375,0.9375,0.0,,0.0,,,0.9375,1.0,1.0,0.9375
OLD_DEV16,BE,BE_NATIVE_ROUTED,formal_development,T1L,7,26,26,19,7,16,13,0.4142857142857143,1.0,0.0,,0.7571428571428571,0.7142857142857143,0.2857142857142857,0.5,1.0,1.0,0.4142857142857143
OLD_DEV16,BE,BE_NATIVE_ROUTED,formal_development,T2G,16,59,16,0,0,16,0,0.875,0.875,0.0,,0.0,,,0.875,1.0,1.0,0.875
OLD_DEV16,BE,BE_NATIVE_ROUTED,native,positive,16,16,16,0,0,16,0,0.9375,0.9375,0.0,,0.0,,,0.9375,1.0,1.0,0.9375
