edit,role,panel,inputs,source_images,base_correct_inputs
201,calibration,H,0,0,0
201,calibration,U,7,7,5
201,calibration,positive,2,1,1
201,evaluation,H,0,0,0
201,evaluation,U,7,7,1
201,evaluation,positive,4,1,1
201,fit,H,0,0,0
201,fit,U,7,7,4
201,fit,positive,2,1,0
201,native,positive,1,1,0
202,calibration,H,0,0,0
202,calibration,U,7,7,5
202,calibration,positive,2,1,0
202,evaluation,H,0,0,0
202,evaluation,U,7,7,1
202,evaluation,positive,4,1,0
202,fit,H,0,0,0
202,fit,U,7,7,4
202,fit,positive,2,1,0
202,native,positive,1,1,0
203,calibration,H,0,0,0
203,calibration,U,5,5,4
203,calibration,positive,2,1,0
203,evaluation,H,0,0,0
203,evaluation,U,6,6,1
203,evaluation,positive,4,1,0
203,fit,H,0,0,0
203,fit,U,9,9,5
203,fit,positive,2,1,0
203,native,positive,1,1,0
204,calibration,H,0,0,0
204,calibration,U,7,7,5
204,calibration,positive,2,1,0
204,evaluation,H,0,0,0
204,evaluation,U,7,7,1
204,evaluation,positive,4,1,0
204,fit,H,0,0,0
204,fit,U,9,9,5
204,fit,positive,2,1,0
204,native,positive,1,1,0
205,calibration,H,0,0,0
205,calibration,U,7,7,5
205,calibration,positive,2,1,1
205,evaluation,H,0,0,0
205,evaluation,U,7,7,1
205,evaluation,positive,4,1,0
205,fit,H,1,1,1
205,fit,U,8,8,4
205,fit,positive,2,1,0
205,native,positive,1,1,0
206,calibration,H,0,0,0
206,calibration,U,7,7,5
206,calibration,positive,2,1,0
206,evaluation,H,0,0,0
206,evaluation,U,7,7,1
206,evaluation,positive,4,1,0
206,fit,H,0,0,0
206,fit,U,9,9,5
206,fit,positive,2,1,0
206,native,positive,1,1,0
207,calibration,H,0,0,0
207,calibration,U,7,7,5
207,calibration,positive,2,1,1
207,evaluation,H,0,0,0
207,evaluation,U,7,7,1
207,evaluation,positive,4,1,2
207,fit,H,0,0,0
207,fit,U,9,9,5
207,fit,positive,2,1,1
207,native,positive,1,1,0
208,calibration,H,0,0,0
208,calibration,U,7,7,5
208,calibration,positive,2,1,1
208,evaluation,H,0,0,0
208,evaluation,U,7,7,1
208,evaluation,positive,4,1,1
208,fit,H,0,0,0
208,fit,U,8,8,4
208,fit,positive,2,1,1
208,native,positive,1,1,0
209,calibration,H,0,0,0
209,calibration,U,7,7,5
209,calibration,positive,2,1,1
209,evaluation,H,0,0,0
209,evaluation,U,7,7,1
209,evaluation,positive,4,1,2
209,fit,H,0,0,0
209,fit,U,9,9,5
209,fit,positive,2,1,0
209,native,positive,1,1,0
210,calibration,H,0,0,0
210,calibration,U,7,7,5
210,calibration,positive,2,1,0
210,evaluation,H,0,0,0
210,evaluation,U,7,7,1
210,evaluation,positive,4,1,0
210,fit,H,0,0,0
210,fit,U,9,9,5
210,fit,positive,2,1,0
210,native,positive,1,1,0
211,calibration,H,0,0,0
211,calibration,U,7,7,5
211,calibration,positive,2,1,0
211,evaluation,H,0,0,0
211,evaluation,U,7,7,1
211,evaluation,positive,4,1,0
211,fit,H,0,0,0
211,fit,U,9,9,5
211,fit,positive,2,1,0
211,native,positive,1,1,0
212,calibration,H,0,0,0
212,calibration,U,7,7,5
212,calibration,positive,2,1,0
212,evaluation,H,0,0,0
212,evaluation,U,7,7,1
212,evaluation,positive,4,1,0
212,fit,H,0,0,0
212,fit,U,9,9,5
212,fit,positive,2,1,0
212,native,positive,1,1,0
213,calibration,H,0,0,0
213,calibration,U,5,5,4
213,calibration,positive,2,1,0
213,evaluation,H,0,0,0
213,evaluation,U,6,6,1
213,evaluation,positive,4,1,0
213,fit,H,0,0,0
213,fit,U,9,9,5
213,fit,positive,2,1,0
213,native,positive,1,1,0
214,calibration,H,0,0,0
214,calibration,U,5,5,4
214,calibration,positive,2,1,0
214,evaluation,H,0,0,0
214,evaluation,U,6,6,1
214,evaluation,positive,4,1,0
214,fit,H,0,0,0
214,fit,U,9,9,5
214,fit,positive,2,1,0
214,native,positive,1,1,0
215,calibration,H,0,0,0
215,calibration,U,7,7,5
215,calibration,positive,2,1,2
215,evaluation,H,0,0,0
215,evaluation,U,7,7,1
215,evaluation,positive,4,1,1
215,fit,H,0,0,0
215,fit,U,9,9,5
215,fit,positive,2,1,0
215,native,positive,1,1,0
216,calibration,H,0,0,0
216,calibration,U,7,7,5
216,calibration,positive,2,1,1
216,evaluation,H,0,0,0
216,evaluation,U,7,7,1
216,evaluation,positive,4,1,2
216,fit,H,0,0,0
216,fit,U,9,9,5
216,fit,positive,2,1,1
216,native,positive,1,1,0
217,calibration,H,0,0,0
217,calibration,U,7,7,5
217,calibration,positive,2,1,0
217,evaluation,H,0,0,0
217,evaluation,U,7,7,1
217,evaluation,positive,4,1,2
217,fit,H,0,0,0
217,fit,U,8,8,5
217,fit,positive,2,1,1
217,native,positive,1,1,0
218,calibration,H,0,0,0
218,calibration,U,7,7,5
218,calibration,positive,2,1,0
218,evaluation,H,0,0,0
218,evaluation,U,7,7,1
218,evaluation,positive,4,1,0
218,fit,H,0,0,0
218,fit,U,9,9,5
218,fit,positive,2,1,0
218,native,positive,1,1,0
219,calibration,H,0,0,0
219,calibration,U,7,7,5
219,calibration,positive,2,1,0
219,evaluation,H,0,0,0
219,evaluation,U,7,7,1
219,evaluation,positive,4,1,2
219,fit,H,0,0,0
219,fit,U,9,9,5
219,fit,positive,2,1,2
219,native,positive,1,1,0
220,calibration,H,0,0,0
220,calibration,U,7,7,5
220,calibration,positive,2,1,0
220,evaluation,H,0,0,0
220,evaluation,U,7,7,1
220,evaluation,positive,4,1,0
220,fit,H,0,0,0
220,fit,U,9,9,5
220,fit,positive,2,1,0
220,native,positive,1,1,0
221,calibration,H,0,0,0
221,calibration,U,7,7,5
221,calibration,positive,2,1,0
221,evaluation,H,0,0,0
221,evaluation,U,7,7,1
221,evaluation,positive,4,1,0
221,fit,H,0,0,0
221,fit,U,9,9,5
221,fit,positive,2,1,1
221,native,positive,1,1,0
222,calibration,H,0,0,0
222,calibration,U,7,7,5
222,calibration,positive,2,1,0
222,evaluation,H,0,0,0
222,evaluation,U,7,7,1
222,evaluation,positive,4,1,1
222,fit,H,0,0,0
222,fit,U,9,9,5
222,fit,positive,2,1,0
222,native,positive,1,1,0
223,calibration,H,0,0,0
223,calibration,U,7,7,5
223,calibration,positive,2,1,0
223,evaluation,H,0,0,0
223,evaluation,U,7,7,1
223,evaluation,positive,4,1,0
223,fit,H,0,0,0
223,fit,U,9,9,5
223,fit,positive,2,1,0
223,native,positive,1,1,0
224,calibration,H,0,0,0
224,calibration,U,7,7,5
224,calibration,positive,2,1,1
224,evaluation,H,0,0,0
224,evaluation,U,7,7,1
224,evaluation,positive,4,1,2
224,fit,H,0,0,0
224,fit,U,9,9,5
224,fit,positive,2,1,1
224,native,positive,1,1,0
225,calibration,H,0,0,0
225,calibration,U,7,7,5
225,calibration,positive,2,1,1
225,evaluation,H,0,0,0
225,evaluation,U,7,7,1
225,evaluation,positive,4,1,2
225,fit,H,0,0,0
225,fit,U,8,8,4
225,fit,positive,2,1,0
225,native,positive,1,1,0
226,calibration,H,0,0,0
226,calibration,U,7,7,5
226,calibration,positive,2,1,1
226,evaluation,H,0,0,0
226,evaluation,U,7,7,1
226,evaluation,positive,4,1,2
226,fit,H,0,0,0
226,fit,U,9,9,5
226,fit,positive,2,1,1
226,native,positive,1,1,0
227,calibration,H,0,0,0
227,calibration,U,7,7,5
227,calibration,positive,2,1,0
227,evaluation,H,0,0,0
227,evaluation,U,7,7,1
227,evaluation,positive,4,1,2
227,fit,H,0,0,0
227,fit,U,9,9,5
227,fit,positive,2,1,0
227,native,positive,1,1,0
228,calibration,H,0,0,0
228,calibration,U,7,7,5
228,calibration,positive,2,1,0
228,evaluation,H,0,0,0
228,evaluation,U,7,7,1
228,evaluation,positive,4,1,0
228,fit,H,0,0,0
228,fit,U,9,9,5
228,fit,positive,2,1,0
228,native,positive,1,1,0
229,calibration,H,0,0,0
229,calibration,U,7,7,5
229,calibration,positive,2,1,0
229,evaluation,H,0,0,0
229,evaluation,U,6,6,1
229,evaluation,positive,4,1,1
229,fit,H,0,0,0
229,fit,U,9,9,5
229,fit,positive,2,1,1
229,native,positive,1,1,0
230,calibration,H,0,0,0
230,calibration,U,7,7,5
230,calibration,positive,2,1,0
230,evaluation,H,0,0,0
230,evaluation,U,7,7,1
230,evaluation,positive,4,1,0
230,fit,H,0,0,0
230,fit,U,9,9,5
230,fit,positive,2,1,0
230,native,positive,1,1,0
231,calibration,H,0,0,0
231,calibration,U,7,7,5
231,calibration,positive,2,1,0
231,evaluation,H,0,0,0
231,evaluation,U,7,7,1
231,evaluation,positive,4,1,0
231,fit,H,0,0,0
231,fit,U,9,9,5
231,fit,positive,2,1,0
231,native,positive,1,1,0
232,calibration,H,0,0,0
232,calibration,U,7,7,5
232,calibration,positive,2,1,0
232,evaluation,H,0,0,0
232,evaluation,U,7,7,1
232,evaluation,positive,4,1,2
232,fit,H,0,0,0
232,fit,U,9,9,5
232,fit,positive,2,1,0
232,native,positive,1,1,0
