cohort,edit,endpoint_selector,fit_positive_ce,method,native_ce,step,update_norm_from_a2,H_raw_kl,H_normalized_kl,U_raw_kl,U_normalized_kl
OLD_STAGE3_COMMON7,27,False,0.02101519051939249,W0,0.020771630108356476,0,0.0,0.458554208278656,1.0,0.016500760645916063,1.0
OLD_STAGE3_COMMON7,27,False,0.0008229873783420771,W0,0.0007182034314610064,80,1.1649623163690488,0.5741837620735168,1.2521611441075133,0.019218451731527846,1.1647009579697414
OLD_STAGE3_COMMON7,27,False,0.00039607375947525725,W0,0.0003318906237836927,160,1.5001978166348477,0.6181665658950806,1.3480774022674125,0.02300380263477564,1.3941055887304854
OLD_STAGE3_COMMON7,27,False,0.00023704168415861204,W0,0.0002138460986316204,320,1.7572246811095509,0.6617618203163147,1.443148505387116,0.02532126537213723,1.5345514013261103
OLD_STAGE3_COMMON7,27,False,0.02101519051939249,W01,0.020771630108356476,0,0.0,0.458554208278656,1.0,0.016500760645916063,1.0
OLD_STAGE3_COMMON7,27,False,0.0022761210857424885,W01,0.0013056517345830798,80,1.8776867079988508,0.367006778717041,0.8003563637431867,0.004353249775401006,0.26382115763120506
OLD_STAGE3_COMMON7,27,False,0.0014523529389407486,W01,0.0009544295608066022,160,7.032412081227292,0.30506035685539246,0.6652656356607073,0.002188371669035405,0.13262247213900571
OLD_STAGE3_COMMON7,27,False,0.0006249065554584377,W01,0.0012698547216132283,320,11.289095220551376,0.18014052510261536,0.39284455763438736,0.0010883821911799412,0.06595951632383175
OLD_STAGE3_COMMON7,27,False,0.02101519051939249,W1,0.020771630108356476,0,0.0,0.458554208278656,1.0,0.016500760645916063,1.0
OLD_STAGE3_COMMON7,27,False,0.0140987744089216,W1,0.00890659261494875,80,2.1182368830100318,0.20783574879169464,0.4532413944512231,0.002874018061750879,0.17417488341437146
OLD_STAGE3_COMMON7,27,False,0.007917057955637574,W1,0.008019652217626572,160,6.899437055394222,0.14560003578662872,0.317519789717315,0.0013722592266276479,0.08316339204443171
OLD_STAGE3_COMMON7,27,False,0.0020435832848306745,W1,0.004507063888013363,320,10.874026847602437,0.03036355972290039,0.06621585665276229,0.0006545794652386879,0.03966965398050885
OLD_STAGE3_COMMON7,35,False,0.0038302845787256956,W0,0.002858606865629554,0,0.0,0.25905566414197284,1.0,0.03683708452930053,1.0
OLD_STAGE3_COMMON7,35,False,0.0004729421343654394,W0,0.00042563548777252436,80,14.60340177198397,0.3183033764362335,1.228706492446313,0.04093671217560768,1.111290773922303
OLD_STAGE3_COMMON7,35,False,0.0003544659703038633,W0,0.00034239437081851065,160,14.378033564300562,0.3301933507124583,1.274603864795248,0.0457923598587513,1.2431048885621678
OLD_STAGE3_COMMON7,35,False,0.0003569700929801911,W0,0.0003327737795189023,320,20.543021422530995,0.343287060658137,1.3251478665604548,0.06344780931249261,1.7223895463829575
OLD_STAGE3_COMMON7,35,False,0.0038302845787256956,W01,0.002858606865629554,0,0.0,0.25905566414197284,1.0,0.03683708452930053,1.0
OLD_STAGE3_COMMON7,35,False,0.001813056180253625,W01,0.0011351857101544738,80,2.1757618117363045,0.15565846860408783,0.6008688098739303,0.011577110116680464,0.3142786749986126
OLD_STAGE3_COMMON7,35,False,0.000999284238787368,W01,0.001498532947152853,160,9.650861089001436,0.07861720522244771,0.3034761099813758,0.008186056201035777,0.22222323795805604
OLD_STAGE3_COMMON7,35,False,0.00043088475649710745,W01,0.0005430511082522571,320,12.943750453559392,0.014638067533572515,0.05650549113471717,0.005161378222207229,0.14011364602162868
OLD_STAGE3_COMMON7,35,False,0.0038302845787256956,W1,0.002858606865629554,0,0.0,0.25905566414197284,1.0,0.03683708452930053,1.0
OLD_STAGE3_COMMON7,35,False,0.012873442843556404,W1,0.007867689244449139,80,2.5658680917336683,0.07641087720791499,0.29495929942700955,0.00932466626788179,0.25313258057827215
OLD_STAGE3_COMMON7,35,False,0.006126284599304199,W1,0.007738468702882528,160,9.362363800597535,0.03833020105957985,0.1479612545301205,0.006742126114356021,0.18302550813958354
OLD_STAGE3_COMMON7,35,False,0.0016917933826334774,W1,0.0026946088764816523,320,11.994856491740517,0.010977450758218765,0.04237487257643085,0.0038654971479748688,0.104934937098516
OLD_STAGE3_COMMON7,66,False,0.012605134630575776,W0,0.011819779872894287,0,0.0,0.1423151046037674,1.0,0.01090027638045805,1.0
OLD_STAGE3_COMMON7,66,False,0.0006981301557971165,W0,0.0006445332546718419,80,10.077643651796784,0.16697236895561218,1.173258238614203,0.00921796408614942,0.8456633359017696
OLD_STAGE3_COMMON7,66,False,0.0003023800818482414,W0,0.00027053896337747574,160,9.937994716499572,0.1809619814157486,1.2715585033618289,0.008777747529425792,0.8052775198583484
OLD_STAGE3_COMMON7,66,False,0.0002147094601241406,W0,0.00019995782349724323,320,12.07871725192862,0.18642142415046692,1.3099201568905845,0.009602812917104788,0.8809696728718416
OLD_STAGE3_COMMON7,66,False,0.012605134630575776,W01,0.011819779872894287,0,0.0,0.1423151046037674,1.0,0.01090027638045805,1.0
OLD_STAGE3_COMMON7,66,False,0.0016921443166211247,W01,0.0015383987920358777,80,9.623120533453386,0.09866076707839966,0.6932557675665573,0.0038516582156132373,0.3533541793966314
OLD_STAGE3_COMMON7,66,False,0.0009254062897525728,W01,0.0011882393155246973,160,3.130623831934615,0.08188699930906296,0.575392187196518,0.0022619785740971565,0.20751570833125096
OLD_STAGE3_COMMON7,66,False,0.00037820894067408517,W01,0.0011903957929462194,320,4.185330974788659,0.05014142766594887,0.35232681594516785,0.0012026612530462444,0.11033309716828542
OLD_STAGE3_COMMON7,66,False,0.012605134630575776,W1,0.011819779872894287,0,0.0,0.1423151046037674,1.0,0.01090027638045805,1.0
OLD_STAGE3_COMMON7,66,False,0.009723828174173832,W1,0.010244731791317463,80,9.455017911607582,0.058368489146232605,0.4101355882690154,0.00298017670866102,0.2734037747890377
OLD_STAGE3_COMMON7,66,False,0.005424834729637951,W1,0.009621919132769108,160,9.355397379350094,0.044445786625146866,0.31230547698287175,0.0017391674669592508,0.1595526027282409
OLD_STAGE3_COMMON7,66,False,0.0020022642565891147,W1,0.008243775926530361,320,9.581847919229647,0.019781451672315598,0.13899755565223354,0.0009274191688746214,0.08508217007573247
OLD_STAGE3_COMMON7,143,False,0.005319518968462944,W0,0.004663002677261829,0,0.0,0.6220349371433258,1.0,0.045861131977289915,1.0
OLD_STAGE3_COMMON7,143,False,0.0003790076370933093,W0,0.00033823607373051345,80,1.2249510864788165,0.8150146007537842,1.3102392680654094,0.053253873717039824,1.1611984140167046
OLD_STAGE3_COMMON7,143,False,0.00024757218488957733,W0,0.00023073170450516045,160,1.4155742828939708,0.8666438162326813,1.3932397755867434,0.057506266981363297,1.2539216652968785
OLD_STAGE3_COMMON7,143,False,0.00019272457939223386,W0,0.0001899088965728879,320,8.576416485064376,0.9267948865890503,1.4899402449086288,0.06567048979923129,1.431942190867657
OLD_STAGE3_COMMON7,143,False,0.005319518968462944,W01,0.004663002677261829,0,0.0,0.6220349371433258,1.0,0.045861131977289915,1.0
OLD_STAGE3_COMMON7,143,False,0.001935222651809454,W01,0.0007742479210719466,80,2.696809702521442,0.47462545335292816,0.7630205716942996,0.013144498690962791,0.2866152256658612
OLD_STAGE3_COMMON7,143,False,0.0010512714652577415,W01,0.000953089795075357,160,10.757506865548637,0.3878917843103409,0.6235852058273779,0.006598083535209298,0.14387092622302955
OLD_STAGE3_COMMON7,143,False,0.0004443048528628424,W01,0.0011635140981525183,320,10.39190235532511,0.2814238518476486,0.4524245103339019,0.0036398990196175873,0.07936784075500007
OLD_STAGE3_COMMON7,143,False,0.005319518968462944,W1,0.004663002677261829,0,0.0,0.6220349371433258,1.0,0.045861131977289915,1.0
OLD_STAGE3_COMMON7,143,False,0.013799803564324975,W1,0.004710013512521982,80,3.065297503422598,0.28872448205947876,0.46416119870281897,0.009544459637254477,0.208116529744203
OLD_STAGE3_COMMON7,143,False,0.007341156364418566,W1,0.0073152510449290276,160,3.8746547295198095,0.22021141648292542,0.3540177622405565,0.005193842283915728,0.11325150644968117
OLD_STAGE3_COMMON7,143,False,0.002465460915118456,W1,0.009107054211199284,320,13.075120751110418,0.134551003575325,0.2163077916382734,0.0027779041847679764,0.060572080648675954
OLD_STAGE3_COMMON7,168,False,0.010686232009902596,W0,0.006569522432982922,0,0.0,0.5516619235277176,1.0,0.016693406117459137,1.0
OLD_STAGE3_COMMON7,168,False,0.0006099867314333096,W0,0.0003489972441457212,80,6.889323948796134,0.7528320550918579,1.3646619840603025,0.016211470899482567,0.9711302046697032
OLD_STAGE3_COMMON7,168,False,0.0003285519342171028,W0,0.00018681620713323355,160,7.021527695687983,0.8014827370643616,1.4528512896795787,0.016069174123307068,0.9626060739336352
OLD_STAGE3_COMMON7,168,False,0.00021437015311676078,W0,0.00012103030167054385,320,7.106148445320929,0.8426508009433746,1.5274768205042462,0.016126665597160656,0.9660500369840195
OLD_STAGE3_COMMON7,168,False,0.010686232009902596,W01,0.006569522432982922,0,0.0,0.5516619235277176,1.0,0.016693406117459137,1.0
OLD_STAGE3_COMMON7,168,False,0.0021783039264846593,W01,0.0007289752829819918,80,6.326515867846508,0.4527183324098587,0.8206445163277839,0.007017172019307812,0.42035591597863065
OLD_STAGE3_COMMON7,168,False,0.0015080339508131146,W01,0.0007010085391812027,160,6.299302909463455,0.33573056012392044,0.6085802659299397,0.004294664443780978,0.25726711574394134
OLD_STAGE3_COMMON7,168,False,0.0006159746262710541,W01,0.0010458894539624453,320,10.011846397544673,0.20107698068022728,0.3644931290425093,0.0023156811366789043,0.13871831311028862
OLD_STAGE3_COMMON7,168,False,0.010686232009902596,W1,0.006569522432982922,0,0.0,0.5516619235277176,1.0,0.016693406117459137,1.0
OLD_STAGE3_COMMON7,168,False,0.016286599216982722,W1,0.00375064043328166,80,1.4846408709413215,0.2832358106970787,0.5134228022950507,0.0056056734174489975,0.3358016559356446
OLD_STAGE3_COMMON7,168,False,0.010703627136535943,W1,0.00523392204195261,160,5.996113897733978,0.1900092549622059,0.34443061385703755,0.0033126908044020333,0.19844307273740788
OLD_STAGE3_COMMON7,168,False,0.0038135152426548302,W1,0.007509809918701649,320,9.707450456221444,0.09137779101729393,0.16564092448679352,0.0017876601001868646,0.10708779787710335
OLD_STAGE3_COMMON7,172,False,0.009167728014290333,W0,0.007295433431863785,0,0.0,0.43586355447769165,1.0,0.0269619170576334,1.0
OLD_STAGE3_COMMON7,172,False,0.0005585499238804914,W0,0.0004179101961199194,80,0.8079765905660258,0.5992081761360168,1.374760908500519,0.027323412708938122,1.013407639024035
OLD_STAGE3_COMMON7,172,False,0.00027775755734182894,W0,0.00020251935347914696,160,1.1026687030580937,0.6390493810176849,1.4661684246196656,0.026296142488718033,0.9753068534595586
OLD_STAGE3_COMMON7,172,False,0.00019384232291486114,W0,0.00014358658518176526,320,1.3598930910359928,0.6580133140087128,1.509677299808262,0.025750904344022274,0.9550843246412158
OLD_STAGE3_COMMON7,172,False,0.009167728014290333,W01,0.007295433431863785,0,0.0,0.43586355447769165,1.0,0.0269619170576334,1.0
OLD_STAGE3_COMMON7,172,False,0.0018912144587375224,W01,0.001170786446891725,80,1.6108230384407944,0.3277114927768707,0.7518671598261462,0.00986529712099582,0.36589746567011183
OLD_STAGE3_COMMON7,172,False,0.0011144440795760602,W01,0.0010722994338721037,160,8.753094433693152,0.29773707687854767,0.6830969779873771,0.005996866093482822,0.22241987024379642
OLD_STAGE3_COMMON7,172,False,0.0005228812660789117,W01,0.0012520937016233802,320,11.77288126248529,0.2567385211586952,0.5890341564950359,0.003425393719226122,0.127045629281629
OLD_STAGE3_COMMON7,172,False,0.009167728014290333,W1,0.007295433431863785,0,0.0,0.43586355447769165,1.0,0.0269619170576334,1.0
OLD_STAGE3_COMMON7,172,False,0.013037232449278235,W1,0.008016319014132023,80,2.017387903013001,0.1845400482416153,0.4233894904628013,0.007765108137391508,0.2880028197102204
OLD_STAGE3_COMMON7,172,False,0.008380286977626383,W1,0.00869219284504652,160,2.628234076086225,0.16341708600521088,0.3749271631601281,0.004770482133608311,0.17693408534011132
OLD_STAGE3_COMMON7,172,False,0.004176142625510693,W1,0.010257304646074772,320,8.78339956041427,0.13275841623544693,0.3045871004161734,0.0026951211621053517,0.09996029423072181
OLD_STAGE3_COMMON7,270,False,0.0038238976849243045,W0,0.002845251467078924,0,0.0,0.25898364186286926,1.0,0.036854857578873634,1.0
OLD_STAGE3_COMMON7,270,False,0.00047788054507691413,W0,0.00042164846672676504,80,14.581210813947314,0.3183707296848297,1.2293082582158052,0.040652719171096884,1.1030491458037897
OLD_STAGE3_COMMON7,270,False,0.00035250223299954087,W0,0.00034198028151877224,160,14.367258930949212,0.3308391869068146,1.2774520603968977,0.04556094560151299,1.2362263374375366
OLD_STAGE3_COMMON7,270,False,0.0003487962676445022,W0,0.0003370870545040816,320,20.504363577519594,0.33996405204137164,1.3126854252106825,0.060773019678890705,1.6489826218655017
OLD_STAGE3_COMMON7,270,False,0.0038238976849243045,W01,0.002845251467078924,0,0.0,0.25898364186286926,1.0,0.036854857578873634,1.0
OLD_STAGE3_COMMON7,270,False,0.0018063394236378372,W01,0.0011511126067489386,80,2.170964271883084,0.15552403032779694,0.6005168095139625,0.011587594791005055,0.31441160140712165
OLD_STAGE3_COMMON7,270,False,0.000995907379547134,W01,0.00150301365647465,160,9.681436260941556,0.07809457679589589,0.3015425076045793,0.008198970695957541,0.2224664870407056
OLD_STAGE3_COMMON7,270,False,0.00043138385808560997,W01,0.0005463366396725178,320,12.939138981298642,0.014811049215495586,0.05718913020513463,0.005145613569766283,0.13961832734678403
OLD_STAGE3_COMMON7,270,False,0.0038238976849243045,W1,0.002845251467078924,0,0.0,0.25898364186286926,1.0,0.036854857578873634,1.0
OLD_STAGE3_COMMON7,270,False,0.012809236533939838,W1,0.00789516232907772,80,2.5681605639221003,0.07626598576704662,0.2944818646400421,0.00930429312090079,0.2524577147256242
OLD_STAGE3_COMMON7,270,False,0.006059187231585383,W1,0.007733354344964027,160,9.386937438704923,0.03822974115610123,0.1476145013681741,0.006740779344302912,0.18290070257026145
OLD_STAGE3_COMMON7,270,False,0.001684947346802801,W1,0.00268879858776927,320,12.02235257014149,0.010959266684949398,0.04231644364145703,0.0038723169127479196,0.10506937666115561
SLAKE_STAGE2_BANK16,101,False,0.00422047363827005,W0,0.004377638455480337,0,0.0,0.24338256319363913,1.0,0.12899520957412627,1.0
SLAKE_STAGE2_BANK16,101,False,0.0002776614492177032,W0,0.0002567951160017401,80,1.6515435033603887,0.47469032804171246,1.950387578357621,0.2039447301425613,1.581025611849297
SLAKE_STAGE2_BANK16,101,False,0.0001625319928280078,W0,0.0001486406836193055,160,1.9902670467341712,0.5211339096228281,2.141213005502804,0.21518219319673684,1.6681409635842621
SLAKE_STAGE2_BANK16,101,False,0.0001261950619664276,W0,0.00011401640222175047,320,2.330035843789322,0.5456515451272329,2.2419500311248823,0.21696396652035987,1.6819536728275395
SLAKE_STAGE2_BANK16,101,False,0.00422047363827005,W01,0.004377638455480337,0,0.0,0.24338256319363913,1.0,0.12899520957412627,1.0
SLAKE_STAGE2_BANK16,101,False,0.001867170532932505,W01,0.0012377717066556215,80,1.9323135962049458,0.04400470728675524,0.1808046834141704,0.03565808124123858,0.27642949966097685
SLAKE_STAGE2_BANK16,101,False,0.0009825276210904121,W01,0.0005802231607958674,160,9.34286098343511,0.01737356682618459,0.07138377786070853,0.02125981801117842,0.16481091105140305
SLAKE_STAGE2_BANK16,101,False,0.00030462803260888904,W01,0.00020912020409014076,320,8.772893909180842,0.008981934593369564,0.03690459363854834,0.009042726220706334,0.07010125608974642
SLAKE_STAGE2_BANK16,101,False,0.00422047363827005,W1,0.004377638455480337,0,0.0,0.24338256319363913,1.0,0.12899520957412627,1.0
SLAKE_STAGE2_BANK16,101,False,0.012439470272511244,W1,0.006446122657507658,80,1.8133126859747368,0.02210884541273117,0.09083989059290584,0.02309415088250087,0.17903107377975894
SLAKE_STAGE2_BANK16,101,False,0.006626642658375204,W1,0.0033221375197172165,160,9.700865592147885,0.012020038751264414,0.049387427733272225,0.014913102396978782,0.11560973811518996
SLAKE_STAGE2_BANK16,101,False,0.0021830981131643057,W1,0.0012970624957233667,320,9.059155433393187,0.006364277098327875,0.026149273040831412,0.0075283259547387175,0.058361283179377395
SLAKE_STAGE2_BANK16,102,False,0.008472673129290342,W0,0.006394675467163324,0,0.0,0.16167540848255157,1.0,0.0610579279434335,1.0
SLAKE_STAGE2_BANK16,102,False,0.0005275986331980675,W0,0.00040767461177892983,80,0.7697618294563942,0.31492650508880615,1.9478936719234814,0.09663424406400216,1.5826649760130735
SLAKE_STAGE2_BANK16,102,False,0.0002542432048358023,W0,0.0002069228357868269,160,8.706364492316004,0.33840981125831604,2.0931433817582596,0.1001710496576769,1.6405903873855554
SLAKE_STAGE2_BANK16,102,False,0.00014874804401188157,W0,0.00012603498180396855,320,12.405450175597734,0.34467846155166626,2.131916441632896,0.10112710309580766,1.6562485249990115
SLAKE_STAGE2_BANK16,102,False,0.008472673129290342,W01,0.006394675467163324,0,0.0,0.16167540848255157,1.0,0.0610579279434335,1.0
SLAKE_STAGE2_BANK16,102,False,0.002599073894089088,W01,0.001371274353004992,80,11.269334302694439,0.12112069875001907,0.7491596890759719,0.03725309114088304,0.6101270120957231
SLAKE_STAGE2_BANK16,102,False,0.0022989053395576775,W01,0.0010950701544061303,160,10.926611162376584,0.11576393991708755,0.7160268899495689,0.018235892701860785,0.2986654365139158
SLAKE_STAGE2_BANK16,102,False,0.0013536642654798925,W01,0.0008279909961856902,320,10.660668937736588,0.11213171482086182,0.6935607330348162,0.007965606824395113,0.13045982876744144
SLAKE_STAGE2_BANK16,102,False,0.008472673129290342,W1,0.006394675467163324,0,0.0,0.16167540848255157,1.0,0.0610579279434335,1.0
SLAKE_STAGE2_BANK16,102,False,0.01913708308711648,W1,0.010314353741705418,80,8.457226967391462,0.06889528781175613,0.42613337710658383,0.020486956753302366,0.33553311491805454
SLAKE_STAGE2_BANK16,102,False,0.017277668230235577,W1,0.008888975717127323,160,10.880872030949256,0.06606698036193848,0.40863963779048434,0.010899719715650593,0.17851440562720255
SLAKE_STAGE2_BANK16,102,False,0.012142503401264548,W1,0.007289806380867958,320,10.7009473432639,0.06501055508852005,0.4021054017966879,0.005557973752729595,0.09102788024314751
SLAKE_STAGE2_BANK16,103,False,0.00726232142187655,W0,0.007375893648713827,0,0.0,0.16757816076278687,1.0,0.10662448651523196,1.0
SLAKE_STAGE2_BANK16,103,False,0.0006172849098220468,W0,0.0006096627912484109,80,1.094346413893273,0.3732697665691376,2.2274368263148254,0.1673588075625178,1.5696095055858448
SLAKE_STAGE2_BANK16,103,False,0.00025096566605498083,W0,0.00025022574118338525,160,1.5678887447930587,0.43618106842041016,2.602851507827686,0.18369789853126609,1.722849080309744
SLAKE_STAGE2_BANK16,103,False,0.00013155697888578288,W0,0.0001335048145847395,320,9.83452546715519,0.49284958839416504,2.9410132331730985,0.20371623379677267,1.9105952155527668
SLAKE_STAGE2_BANK16,103,False,0.00726232142187655,W01,0.007375893648713827,0,0.0,0.16757816076278687,1.0,0.10662448651523196,1.0
SLAKE_STAGE2_BANK16,103,False,0.003205765562597662,W01,0.002191773382946849,80,5.915418157305872,0.15137211978435516,0.9032926432378503,0.08407493185950443,0.7885142954240049
SLAKE_STAGE2_BANK16,103,False,0.0032529071904718876,W01,0.0019170865416526794,160,9.29829076757923,0.14934518933296204,0.8911972100252713,0.05472029980904024,0.5132057522380012
SLAKE_STAGE2_BANK16,103,False,0.002188634010963142,W01,0.0013516335748136044,320,8.963549484788514,0.15005925297737122,0.8954582882060967,0.027207969608882974,0.25517562145536005
SLAKE_STAGE2_BANK16,103,False,0.00726232142187655,W1,0.007375893648713827,0,0.0,0.16757816076278687,1.0,0.10662448651523196,1.0
SLAKE_STAGE2_BANK16,103,False,0.02111523551866412,W1,0.01492240373045206,80,5.82382348459605,0.08558961749076843,0.5107444615764922,0.04547070180082561,0.4264564668672973
SLAKE_STAGE2_BANK16,103,False,0.02129454491659999,W1,0.014020852744579315,160,10.675870583968635,0.08554080128669739,0.5104531574838298,0.02570090686536527,0.24104131898158065
SLAKE_STAGE2_BANK16,103,False,0.015860358718782663,W1,0.011545148678123951,320,11.997299318685787,0.08541206270456314,0.5096849274140626,0.015821183008873568,0.14838226683148822
SLAKE_STAGE2_BANK16,104,False,0.0022528848494403064,W0,0.0020190358627587557,0,0.0,0.3922816514968872,1.0,0.14823450620930928,1.0
SLAKE_STAGE2_BANK16,104,False,0.00016061674250522628,W0,0.0001450626295991242,80,0.9237794352910954,0.5843304395675659,1.4895686233038168,0.21682236873759672,1.4626983573678882
SLAKE_STAGE2_BANK16,104,False,0.00010915823804680258,W0,0.00010209614265477285,160,9.5729351067413,0.6441708207130432,1.642113053860626,0.23880692184544527,1.611007638857355
SLAKE_STAGE2_BANK16,104,False,7.913603803899605e-05,W0,7.602239202242345e-05,320,9.513790716154588,0.6912928819656372,1.7622360855466181,0.27725176828411907,1.8703591719234085
SLAKE_STAGE2_BANK16,104,False,0.0022528848494403064,W01,0.0020190358627587557,0,0.0,0.3922816514968872,1.0,0.14823450620930928,1.0
SLAKE_STAGE2_BANK16,104,False,0.0016783086466602981,W01,0.0009337513474747539,80,9.089104883424334,0.08586553980906804,0.21888747404172024,0.040071943416618384,0.27032803927606586
SLAKE_STAGE2_BANK16,104,False,0.0008822210656944662,W01,0.0004046072135679424,160,9.026954888298615,0.03367560791472594,0.08584548317828512,0.02342644317720372,0.1580363693735738
SLAKE_STAGE2_BANK16,104,False,0.00025838012152235024,W01,0.00012006386532448232,320,9.012656627484791,0.01061756939937671,0.0270661892006972,0.008245014496004352,0.055621425178576656
SLAKE_STAGE2_BANK16,104,False,0.0022528848494403064,W1,0.0020190358627587557,0,0.0,0.3922816514968872,1.0,0.14823450620930928,1.0
SLAKE_STAGE2_BANK16,104,False,0.010541427065618336,W1,0.004382074344903231,80,1.8322880017966716,0.044996911038955055,0.11470562252211816,0.02773630663824196,0.18711099964186403
SLAKE_STAGE2_BANK16,104,False,0.0062400768510997295,W1,0.0023637227714061737,160,8.721772621664691,0.02034362529714902,0.05185974215087766,0.017563286076228205,0.11848311520280298
SLAKE_STAGE2_BANK16,104,False,0.0020462910761125386,W1,0.0008433618349954486,320,8.847766199649808,0.008296703143666187,0.021149862890622664,0.007455728921251228,0.05029685133314122
SLAKE_STAGE2_BANK16,105,False,0.0027145908679813147,W0,0.0025448394007980824,0,0.0,0.2729709893465042,1.0,0.05656212693653428,1.0
SLAKE_STAGE2_BANK16,105,False,0.0001534105758764781,W0,0.00012512700050137937,80,0.9710747190574417,0.4777543346087138,1.7502018648665316,0.08001650936113527,1.4146658496579887
SLAKE_STAGE2_BANK16,105,False,0.00010345814371248707,W0,8.230912499129772e-05,160,1.1736230561005943,0.5085622469584147,1.863063354006661,0.0756823020772292,1.3380384751469614
SLAKE_STAGE2_BANK16,105,False,6.87133870087564e-05,W0,5.5728101870045066e-05,320,1.6064273936133213,0.526749054590861,1.9296887770085183,0.06339607910754588,1.1208220507457165
SLAKE_STAGE2_BANK16,105,False,0.0027145908679813147,W01,0.0025448394007980824,0,0.0,0.2729709893465042,1.0,0.05656212693653428,1.0
SLAKE_STAGE2_BANK16,105,False,0.0017203025927301496,W01,0.0007605105638504028,80,1.2201751001853265,0.06483360628286998,0.23751097667221854,0.013495883483511325,0.2386028286852513
SLAKE_STAGE2_BANK16,105,False,0.0009811333293328062,W01,0.0003256163327023387,160,8.839300872557425,0.028069989134867985,0.102831400516472,0.007458855523369634,0.13187013868376746
SLAKE_STAGE2_BANK16,105,False,0.00034872288233600557,W01,0.00014053353515919298,320,8.42150966879449,0.010770447552204132,0.03945638171290184,0.0037028978023534785,0.06546602829324871
SLAKE_STAGE2_BANK16,105,False,0.0027145908679813147,W1,0.0025448394007980824,0,0.0,0.2729709893465042,1.0,0.05656212693653428,1.0
SLAKE_STAGE2_BANK16,105,False,0.009784727357327938,W1,0.0030045844614505768,80,1.220865064560601,0.03344229981303215,0.12251228562087646,0.010029598613842748,0.1773200400525336
SLAKE_STAGE2_BANK16,105,False,0.006316801009234041,W1,0.001740858075208962,160,9.045532628927829,0.01680675335228443,0.06156974187081198,0.005707532283850014,0.10090731365625924
SLAKE_STAGE2_BANK16,105,False,0.0024819853133521974,W1,0.0008185802726075053,320,8.627746330843104,0.007809126594414313,0.02860789937095314,0.0028055209326199614,0.04960069722568788
SLAKE_STAGE2_BANK16,106,False,0.0009254785109078512,W0,0.00092010956723243,0,0.0,0.3943132658799489,1.0,0.07776580847656497,1.0
SLAKE_STAGE2_BANK16,106,False,8.866358621162362e-05,W0,8.719664037926123e-05,80,0.8502458642308898,0.6228295763333639,1.5795298566571385,0.12426799944100472,1.5979773357394382
SLAKE_STAGE2_BANK16,106,False,6.705215764668537e-05,W0,6.770830805180594e-05,160,1.2345553928194002,0.6665520866711935,1.6904125332525062,0.12096513544495863,1.5555054054560744
SLAKE_STAGE2_BANK16,106,False,4.753328539663926e-05,W0,6.636736361542717e-05,320,1.7373831208854018,0.6416450540224711,1.6272469367485694,0.10691204507691929,1.3747950053028466
SLAKE_STAGE2_BANK16,106,False,0.0009254785109078512,W01,0.00092010956723243,0,0.0,0.3943132658799489,1.0,0.07776580847656497,1.0
SLAKE_STAGE2_BANK16,106,False,0.001249998967978172,W01,0.0006112387054599822,80,5.668892104924305,0.0671347404519717,0.17025737214839554,0.015776966232806444,0.20287792979816952
SLAKE_STAGE2_BANK16,106,False,0.0006059842853574082,W01,0.0002504604053683579,160,5.800985067893753,0.02477088135977586,0.06282030939156256,0.01137459476908239,0.14626729911141048
SLAKE_STAGE2_BANK16,106,False,0.00027507406775839627,W01,0.00010179691889788955,320,9.215323118360052,0.00661453449477752,0.01677482110579398,0.004604727074575539,0.05921274612560854
SLAKE_STAGE2_BANK16,106,False,0.0009254785109078512,W1,0.00092010956723243,0,0.0,0.3943132658799489,1.0,0.07776580847656497,1.0
SLAKE_STAGE2_BANK16,106,False,0.007838728837668896,W1,0.0026763021014630795,80,5.563584264717488,0.03376827326913675,0.08563818717531484,0.011151951182490358,0.1434042981222402
SLAKE_STAGE2_BANK16,106,False,0.00440941983833909,W1,0.0014482393162325025,160,9.456225065426665,0.015334801437954107,0.038889894824443674,0.008079621591605246,0.10389683782481438
SLAKE_STAGE2_BANK16,106,False,0.0021532080427277833,W1,0.0006334069184958935,320,7.532815094301299,0.0052029007735351724,0.013194840812480367,0.0035638648013655958,0.045828171418542896
SLAKE_STAGE2_BANK16,107,False,0.008167128777131438,W0,0.006829647812992334,0,0.0,0.09263372421264648,1.0,0.05406535985613508,1.0
SLAKE_STAGE2_BANK16,107,False,0.0007642823329661041,W0,0.0006911956588737667,80,8.338857279204394,0.16487880051136017,1.779900375514112,0.09199551158651177,1.7015610703656967
SLAKE_STAGE2_BANK16,107,False,0.00034323321597184986,W0,0.0003136261075269431,160,10.852844819583147,0.18748970329761505,2.023989695882471,0.10058091630760048,1.8603578441952613
SLAKE_STAGE2_BANK16,107,False,0.00018639194968272932,W0,0.0001786381471902132,320,10.814761211842525,0.20918670296669006,2.2582132451728807,0.1102009266614914,2.038290819754644
SLAKE_STAGE2_BANK16,107,False,0.008167128777131438,W01,0.006829647812992334,0,0.0,0.09263372421264648,1.0,0.05406535985613508,1.0
SLAKE_STAGE2_BANK16,107,False,0.004257013730239123,W01,0.0027168120723217726,80,0.9761018755096975,0.1024068146944046,1.1055025107197827,0.04080912056711635,0.7548108562618866
SLAKE_STAGE2_BANK16,107,False,0.0035574562498368323,W01,0.0022230902686715126,160,6.669500980320238,0.10119488835334778,1.092419517982982,0.03463674786533894,0.6406458397300121
SLAKE_STAGE2_BANK16,107,False,0.0031573484011460096,W01,0.0021227288525551558,320,8.921270244348126,0.09898959845304489,1.0686129624434413,0.022811374901461283,0.42192218755523103
SLAKE_STAGE2_BANK16,107,False,0.008167128777131438,W1,0.006829647812992334,0,0.0,0.09263372421264648,1.0,0.05406535985613508,1.0
SLAKE_STAGE2_BANK16,107,False,0.02749386476352811,W1,0.017916230484843254,80,1.5852738775216566,0.05171562731266022,0.5582807746554999,0.020702159248425493,0.38290985768915237
SLAKE_STAGE2_BANK16,107,False,0.025423826649785042,W1,0.016900276765227318,160,6.485581193617292,0.050050560384988785,0.5403060366016874,0.01684372522868216,0.311543755067984
SLAKE_STAGE2_BANK16,107,False,0.02190752769820392,W1,0.01606583222746849,320,11.399053750021455,0.04909433424472809,0.5299833798329103,0.011329759939274351,0.20955672854896765
SLAKE_STAGE2_BANK16,108,False,0.004606777103617787,W0,0.004786190111190081,0,0.0,0.3431199789047241,1.0,0.12458149866702464,1.0
SLAKE_STAGE2_BANK16,108,False,0.0001947035634657368,W0,0.00017968074826058,80,1.026535879054691,0.5808374881744385,1.6928116224200473,0.19394318308108127,1.5567575053776095
SLAKE_STAGE2_BANK16,108,False,0.0001152579079644056,W0,0.00010427054075989872,160,6.879508108445871,0.6255478461583456,1.823116940480008,0.18884029350458428,1.5157972534052382
SLAKE_STAGE2_BANK16,108,False,8.376194818993099e-05,W0,7.375744462478906e-05,320,1.7561574944455252,0.6468515197436014,1.8852050580336974,0.16918237435703093,1.3580056121271533
SLAKE_STAGE2_BANK16,108,False,0.004606777103617787,W01,0.004786190111190081,0,0.0,0.3431199789047241,1.0,0.12458149866702464,1.0
SLAKE_STAGE2_BANK16,108,False,0.0020007261482533067,W01,0.0010401533218100667,80,1.7830375613981724,0.09308713177839915,0.2712961573253277,0.028766557323531464,0.2309055327743112
SLAKE_STAGE2_BANK16,108,False,0.000713529581844341,W01,0.00031864389893598855,160,2.5835875846626584,0.0380773109694322,0.11097375061335417,0.016992468977920137,0.1363964084533674
SLAKE_STAGE2_BANK16,108,False,0.00026457074272911996,W01,0.00011544318840606138,320,3.372868433508157,0.008716962300240993,0.025404997773858795,0.006477500517995885,0.051994080881212004
SLAKE_STAGE2_BANK16,108,False,0.004606777103617787,W1,0.004786190111190081,0,0.0,0.3431199789047241,1.0,0.12458149866702464,1.0
SLAKE_STAGE2_BANK16,108,False,0.012782089179381728,W1,0.005302979610860348,80,6.249133327900654,0.04927447438240051,0.14360712698715455,0.02132156605903919,0.17114552551680592
SLAKE_STAGE2_BANK16,108,False,0.00517223117640242,W1,0.0020914715714752674,160,6.43116198562109,0.021855128308137257,0.06369529509153381,0.01319285635299121,0.10589739643646794
SLAKE_STAGE2_BANK16,108,False,0.0016235411021625623,W1,0.0005910519976168871,320,3.2391001720786385,0.005820565701772769,0.01696364554565619,0.005288245899674411,0.04244808383473197
SLAKE_STAGE2_BANK16,109,False,0.005966086057014763,W0,0.005588309373706579,0,0.0,0.2927499860525131,1.0,0.09632641057084713,1.0
SLAKE_STAGE2_BANK16,109,False,0.0003837242111330852,W0,0.0003515839052852243,80,0.9806456213973942,0.5737254023551941,1.9597794353174793,0.16550489889258252,1.718167405094528
SLAKE_STAGE2_BANK16,109,False,0.00018683508824324235,W0,0.00017660985758993775,160,1.3330627961049997,0.6556178629398346,2.2395145830074634,0.18990825797664002,1.971507677398239
SLAKE_STAGE2_BANK16,109,False,0.00014179623394738883,W0,0.00013676227536052465,320,2.069443061741789,0.7155641615390778,2.444284186612124,0.2106564917402076,2.1869027454861074
SLAKE_STAGE2_BANK16,109,False,0.005966086057014763,W01,0.005588309373706579,0,0.0,0.2927499860525131,1.0,0.09632641057084713,1.0
SLAKE_STAGE2_BANK16,109,False,0.0030333625327330083,W01,0.0018713324097916484,80,7.391273747607628,0.16374538093805313,0.5593352305358631,0.052543057253517746,0.545468858874097
SLAKE_STAGE2_BANK16,109,False,0.002227025048341602,W01,0.0013282188447192311,160,11.001754629012806,0.14499211311340332,0.49527624260038333,0.03682639612816274,0.38230840233662905
SLAKE_STAGE2_BANK16,109,False,0.0014011628300067969,W01,0.000822373665869236,320,10.896465616027143,0.09054172411561012,0.30928002879347316,0.013143124391457863,0.1364436224039639
SLAKE_STAGE2_BANK16,109,False,0.005966086057014763,W1,0.005588309373706579,0,0.0,0.2927499860525131,1.0,0.09632641057084713,1.0
SLAKE_STAGE2_BANK16,109,False,0.018200937658548355,W1,0.011877414770424366,80,1.5623711137960472,0.07963672280311584,0.27202980904269186,0.029305106985183165,0.3042271253700411
SLAKE_STAGE2_BANK16,109,False,0.014847266138531268,W1,0.009459356777369976,160,10.908320802738578,0.06543322838842869,0.22351231940517108,0.018772597291639874,0.19488525712097216
SLAKE_STAGE2_BANK16,109,False,0.008660063322167844,W1,0.005449844989925623,320,10.758161744305857,0.03362221457064152,0.11484958555936671,0.007305794453714043,0.07584414710792843
SLAKE_STAGE2_BANK16,110,False,0.006705783656798303,W0,0.006730822380632162,0,0.0,0.33986639976501465,1.0,0.05511920237248497,1.0
SLAKE_STAGE2_BANK16,110,False,0.0003629141428973526,W0,0.00034273529308848083,80,1.0077290913993924,0.621737539768219,1.8293586544539016,0.11553723681052881,2.0961340483439943
SLAKE_STAGE2_BANK16,110,False,0.00017811896759667434,W0,0.00016866532678250223,160,1.2655178787453867,0.6684357523918152,1.9667603295117584,0.12106931927181515,2.1964998414463976
SLAKE_STAGE2_BANK16,110,False,0.0001282693356188247,W0,0.00011880416423082352,320,1.6101241182469488,0.6894715428352356,2.028654622263159,0.12109376013644838,2.196943259775786
SLAKE_STAGE2_BANK16,110,False,0.006705783656798303,W01,0.006730822380632162,0,0.0,0.33986639976501465,1.0,0.05511920237248497,1.0
SLAKE_STAGE2_BANK16,110,False,0.0019471810664981604,W01,0.001528272987343371,80,7.795784985687895,0.18675442039966583,0.5494936261095207,0.02101030177436769,0.3811793507530118
SLAKE_STAGE2_BANK16,110,False,0.0015271345182554796,W01,0.0011537253158167005,160,13.002216933752868,0.1857943832874298,0.5466688775821588,0.015244772025783147,0.2765782407873377
SLAKE_STAGE2_BANK16,110,False,0.0010345810296712443,W01,0.0008854309562593699,320,11.007389516500966,0.18774443864822388,0.5524065891127553,0.00871414879968922,0.15809642419715508
SLAKE_STAGE2_BANK16,110,False,0.006705783656798303,W1,0.006730822380632162,0,0.0,0.33986639976501465,1.0,0.05511920237248497,1.0
SLAKE_STAGE2_BANK16,110,False,0.011991245555691421,W1,0.00979906041175127,80,6.18804099297842,0.1075427234172821,0.31642646490396725,0.012607221005185108,0.22872647757106374
SLAKE_STAGE2_BANK16,110,False,0.011125069577246904,W1,0.00956862885504961,160,11.900344209139899,0.10257984697818756,0.3018240315874467,0.009015171187846656,0.1635577221695601
SLAKE_STAGE2_BANK16,110,False,0.008046646136790514,W1,0.007720014080405235,320,12.301688002388058,0.10341185331344604,0.30427207098126063,0.0051729860715568066,0.09385088769243723
SLAKE_STAGE2_BANK16,111,False,0.004873996658716351,W0,0.005443335045129061,0,0.0,0.23949843645095825,1.0,0.13544633344281465,1.0
SLAKE_STAGE2_BANK16,111,False,0.00036535334947984666,W0,0.00039186456706374884,80,10.260958298130683,0.3875390887260437,1.6181278444604774,0.201153256003246,1.4851140735247201
SLAKE_STAGE2_BANK16,111,False,0.0001822096273826901,W0,0.00019440818869043142,160,10.326357488756978,0.40870821475982666,1.7065172567150235,0.20168395043999357,1.4890321894549061
SLAKE_STAGE2_BANK16,111,False,0.00010898949039983563,W0,0.0001202737694256939,320,10.46647918950106,0.4215041995048523,1.7599455167681777,0.1971470559365116,1.4555363067081248
SLAKE_STAGE2_BANK16,111,False,0.004873996658716351,W01,0.005443335045129061,0,0.0,0.23949843645095825,1.0,0.13544633344281465,1.0
SLAKE_STAGE2_BANK16,111,False,0.002263798232888803,W01,0.001862619537860155,80,9.53950658737117,0.1421017348766327,0.5933305326848372,0.07209274001070298,0.5322605505681001
SLAKE_STAGE2_BANK16,111,False,0.0014318737376015633,W01,0.0011915169889107347,160,9.370459740854123,0.14878082275390625,0.6212183468027437,0.0479656861321668,0.35413056162511686
SLAKE_STAGE2_BANK16,111,False,0.0010081576183438301,W01,0.0009261631057597697,320,9.100931024542867,0.14882901310920715,0.6214195604558056,0.024366985823559974,0.17990140599743662
SLAKE_STAGE2_BANK16,111,False,0.004873996658716351,W1,0.005443335045129061,0,0.0,0.23949843645095825,1.0,0.13544633344281465,1.0
SLAKE_STAGE2_BANK16,111,False,0.015291017480194569,W1,0.012361519038677216,80,9.301095438699774,0.08312057703733444,0.347061042523152,0.04076707926911435,0.3009832620262562
SLAKE_STAGE2_BANK16,111,False,0.011459972360171378,W1,0.009536211378872395,160,9.194725205035862,0.08503646403551102,0.35506062292362317,0.028610904609584913,0.211234249627469
SLAKE_STAGE2_BANK16,111,False,0.008709625457413495,W1,0.007973962463438511,320,6.870289978777098,0.08516206592321396,0.3555850601164675,0.014969265585282951,0.11051805689227436
SLAKE_STAGE2_BANK16,112,False,0.00510541774565354,W0,0.0032203993760049343,0,0.0,0.8313307762145996,1.0,0.1001684455467122,1.0
SLAKE_STAGE2_BANK16,112,False,0.0001208736630360363,W0,9.953362314263359e-05,80,13.478332753392614,1.2068990468978882,1.451767553215592,0.1842707074912531,1.8396083365925944
SLAKE_STAGE2_BANK16,112,False,8.560146397940116e-05,W0,7.080700743244961e-05,160,13.275098283298723,1.2231894135475159,1.471363082595371,0.1852237485083086,1.8491227202076528
SLAKE_STAGE2_BANK16,112,False,7.053822810121346e-05,W0,5.7426663261139765e-05,320,9.561743193081156,1.2206713557243347,1.4683341344375187,0.18795002597783292,1.8763396491980597
SLAKE_STAGE2_BANK16,112,False,0.00510541774565354,W01,0.0032203993760049343,0,0.0,0.8313307762145996,1.0,0.1001684455467122,1.0
SLAKE_STAGE2_BANK16,112,False,0.00233790060156025,W01,0.0004281428991816938,80,11.342848239137636,0.5274871587753296,0.634509360013353,0.03210173886535423,0.320477558478074
SLAKE_STAGE2_BANK16,112,False,0.001832058245781809,W01,0.0004223656142130494,160,11.273695351122898,0.4054744690656662,0.4877414389876949,0.0146680522843131,0.14643386152451424
SLAKE_STAGE2_BANK16,112,False,0.0005635938869090751,W01,0.0004978028009645641,320,11.077548270789443,0.2541339471936226,0.30569534349588484,0.007227146648801863,0.07214993313869068
SLAKE_STAGE2_BANK16,112,False,0.00510541774565354,W1,0.0032203993760049343,0,0.0,0.8313307762145996,1.0,0.1001684455467122,1.0
SLAKE_STAGE2_BANK16,112,False,0.01807912182994187,W1,0.002949988003820181,80,8.452213349745946,0.3346096873283386,0.40249885713597416,0.019980378182871,0.1994677872240058
SLAKE_STAGE2_BANK16,112,False,0.013314544223248959,W1,0.0034560919739305973,160,11.238492549317646,0.24679530411958694,0.2968677585152691,0.010915821434796922,0.1089746514006397
SLAKE_STAGE2_BANK16,112,False,0.003921895462553948,W1,0.003758295439183712,320,13.921385294543654,0.1050337515771389,0.12634411546196084,0.005231811349014086,0.052230134155114766
SLAKE_STAGE2_BANK16,113,False,0.006976249278523028,W0,0.005010847467929125,0,0.0,0.16435357928276062,1.0,0.0830116487174694,1.0
SLAKE_STAGE2_BANK16,113,False,0.0005374628744903021,W0,0.0004300401487853378,80,0.9467536957498964,0.26672711968421936,1.6228859806291842,0.12781106598309375,1.5396762738456071
SLAKE_STAGE2_BANK16,113,False,0.00024256305550807156,W0,0.00020442080858629197,160,1.278438101515189,0.3004865348339081,1.8282932209035665,0.1449616040419122,1.7462802664634431
SLAKE_STAGE2_BANK16,113,False,0.00014504471619147807,W0,0.00012512131070252508,320,1.8150426653185157,0.36573198437690735,2.2252754456152553,0.15873158373038418,1.9121603555981401
SLAKE_STAGE2_BANK16,113,False,0.006976249278523028,W01,0.005010847467929125,0,0.0,0.16435357928276062,1.0,0.0830116487174694,1.0
SLAKE_STAGE2_BANK16,113,False,0.0030586953507736325,W01,0.0015878044068813324,80,1.0828735945167203,0.11553400009870529,0.7029600487126348,0.05369774883313637,0.6468700436958787
SLAKE_STAGE2_BANK16,113,False,0.002337716694455594,W01,0.0012221008073538542,160,1.4553537325376127,0.11521070450544357,0.7009929750737607,0.03742037179264506,0.45078458711265335
SLAKE_STAGE2_BANK16,113,False,0.0018484433821868151,W01,0.0009965217905119061,320,9.34456427380713,0.11196961998939514,0.6812727807817196,0.02136639242858759,0.25739029110611
SLAKE_STAGE2_BANK16,113,False,0.006976249278523028,W1,0.005010847467929125,0,0.0,0.16435357928276062,1.0,0.0830116487174694,1.0
SLAKE_STAGE2_BANK16,113,False,0.02089398098178208,W1,0.010812412947416306,80,1.4714714458191618,0.06261318176984787,0.380966341244845,0.025733128493551964,0.30999418625131525
SLAKE_STAGE2_BANK16,113,False,0.017134021501988173,W1,0.009133098646998405,160,1.7505783217508222,0.06295987963676453,0.38307580468597996,0.018282326428951428,0.22023808358722552
SLAKE_STAGE2_BANK16,113,False,0.014927111798897386,W1,0.008312954567372799,320,9.01148657505884,0.060914043337106705,0.37062803014656404,0.011880644293601758,0.14312020634643213
SLAKE_STAGE2_BANK16,114,False,0.00442664185538888,W0,0.002714536851271987,0,0.0,0.6152722835540771,1.0,0.005327695090922394,1.0
SLAKE_STAGE2_BANK16,114,False,0.0004110912668693345,W0,0.0002428295701975003,80,0.9687778940914824,0.8508502840995789,1.3828841422608897,0.0064968474907800555,1.2194480689876048
SLAKE_STAGE2_BANK16,114,False,0.00019047233399760444,W0,0.0001232136128237471,160,1.4704523524996649,0.9875995516777039,1.6051422729021765,0.007532725642834391,1.4138807710052783
SLAKE_STAGE2_BANK16,114,False,9.812144253373845e-05,W0,7.116509368643165e-05,320,2.9516909737315227,1.2389658689498901,2.0136871139279844,0.01151476111928267,2.1613025750858235
SLAKE_STAGE2_BANK16,114,False,0.00442664185538888,W01,0.002714536851271987,0,0.0,0.6152722835540771,1.0,0.005327695090922394,1.0
SLAKE_STAGE2_BANK16,114,False,0.00208602481870912,W01,0.0011536674574017525,80,0.8379548935706599,0.33354753255844116,0.5421136974214525,0.0017972611967707053,0.3373431035557896
SLAKE_STAGE2_BANK16,114,False,0.0014155039825709537,W01,0.000856483296956867,160,4.814332521603241,0.11348235607147217,0.18444249660646064,0.0010568646435526066,0.19837183350701657
SLAKE_STAGE2_BANK16,114,False,0.0006254171967157163,W01,0.0003378835681360215,320,6.9236249549552324,0.026149822399020195,0.042501219538067896,0.0005961563027605214,0.11189760160567067
SLAKE_STAGE2_BANK16,114,False,0.00442664185538888,W1,0.002714536851271987,0,0.0,0.6152722835540771,1.0,0.005327695090922394,1.0
SLAKE_STAGE2_BANK16,114,False,0.013606918742880225,W1,0.008390294387936592,80,1.0234978439426083,0.1662093698978424,0.2701395371456449,0.0014212261739885435,0.2667619204428765
SLAKE_STAGE2_BANK16,114,False,0.007588019885588437,W1,0.004864953923970461,160,4.502710968017796,0.0542990043759346,0.08825199156100486,0.0008764248019100965,0.1645035586596153
SLAKE_STAGE2_BANK16,114,False,0.00365388163481839,W1,0.0020058699883520603,320,6.681641617005204,0.019655447453260422,0.03194593349747873,0.00047615389277260486,0.08937333774673044
SLAKE_STAGE2_BANK16,115,False,0.0009512223477941006,W0,0.0007878250326029956,0,0.0,0.476687490940094,1.0,0.12434911226423886,1.0
SLAKE_STAGE2_BANK16,115,False,9.096244048123481e-05,W0,6.689656584057957e-05,80,8.473630662047674,0.6608068943023682,1.386247608468108,0.20304175652563572,1.6328363976911784
SLAKE_STAGE2_BANK16,115,False,7.152818307076814e-05,W0,4.9136382585857064e-05,160,8.43480841333272,0.6891897916793823,1.4457895471941256,0.21350880124821112,1.7170110615225789
SLAKE_STAGE2_BANK16,115,False,6.91027471475536e-05,W0,5.485799192683771e-05,320,8.468387135314522,0.7125179767608643,1.4947276576435429,0.2500639380170749,2.0109828969723167
SLAKE_STAGE2_BANK16,115,False,0.0009512223477941006,W01,0.0007878250326029956,0,0.0,0.476687490940094,1.0,0.12434911226423886,1.0
SLAKE_STAGE2_BANK16,115,False,0.002013275370700285,W01,0.0007832968840375543,80,8.214958479353802,0.29768267273902893,0.6244818217317961,0.030793414666102484,0.2476367873110925
SLAKE_STAGE2_BANK16,115,False,0.0010471694549778476,W01,0.0005913333152420819,160,9.685695415751283,0.27060094475746155,0.5676694897610988,0.01446893739585693,0.11635738392012632
SLAKE_STAGE2_BANK16,115,False,0.0005002291218261234,W01,0.0007072134176269174,320,9.31315717142493,0.08715321868658066,0.18283093293407468,0.005194240831770003,0.04177143477094043
SLAKE_STAGE2_BANK16,115,False,0.0009512223477941006,W1,0.0007878250326029956,0,0.0,0.476687490940094,1.0,0.12434911226423886,1.0
SLAKE_STAGE2_BANK16,115,False,0.014659290434792638,W1,0.0045344289392232895,80,8.130481001265883,0.179083451628685,0.3756831362944044,0.019681578752799675,0.15827679341189663
SLAKE_STAGE2_BANK16,115,False,0.008926576818339527,W1,0.00463942252099514,160,7.990095843746267,0.1505623459815979,0.3158512628151161,0.01028297463646875,0.08269439523313746
SLAKE_STAGE2_BANK16,115,False,0.0033692120923660696,W1,0.004471538122743368,320,9.194765259397368,0.045172400772571564,0.094763134403811,0.004063899754188382,0.03268137327392168
SLAKE_STAGE2_BANK16,116,False,0.0012006515462417156,W0,0.00097911455668509,0,0.0,0.2194378674030304,1.0,0.12142187915742397,1.0
SLAKE_STAGE2_BANK16,116,False,0.00011100420852017123,W0,7.24748897482641e-05,80,0.7865279386428059,0.2955666184425354,1.3469262253614742,0.2100122390458217,1.7296078804178279
SLAKE_STAGE2_BANK16,116,False,7.730306151643163e-05,W0,4.796828579856083e-05,160,8.63165547857637,0.30401745438575745,1.3854375180715004,0.21833709792162365,1.7981693203623432
SLAKE_STAGE2_BANK16,116,False,5.577585216087755e-05,W0,3.4093198337359354e-05,320,9.417745638494445,0.34247320890426636,1.5606841834425196,0.299186139439161,2.464021653389707
SLAKE_STAGE2_BANK16,116,False,0.0012006515462417156,W01,0.00097911455668509,0,0.0,0.2194378674030304,1.0,0.12142187915742397,1.0
SLAKE_STAGE2_BANK16,116,False,0.0017440283263567835,W01,0.0007598105585202575,80,1.3321565582395438,0.1409020721912384,0.642104636992533,0.030097496086874835,0.2478753935923962
SLAKE_STAGE2_BANK16,116,False,0.0011295405129203573,W01,0.0006690948503091931,160,9.884484054913278,0.13502611219882965,0.615327307892735,0.01641316428923836,0.13517468518139655
SLAKE_STAGE2_BANK16,116,False,0.0005805266337119974,W01,0.0007484473171643913,320,9.787818056490588,0.11400934308767319,0.519551818639752,0.006254888587416365,0.05151368625506838
SLAKE_STAGE2_BANK16,116,False,0.0012006515462417156,W1,0.00097911455668509,0,0.0,0.2194378674030304,1.0,0.12142187915742397,1.0
SLAKE_STAGE2_BANK16,116,False,0.013277152553200722,W1,0.005289528053253889,80,1.4424022929581348,0.08776933699846268,0.39997352342684406,0.017147546741538323,0.1412228740036749
SLAKE_STAGE2_BANK16,116,False,0.009099001297727227,W1,0.005317073781043291,160,9.875378186162717,0.08011122792959213,0.36507476525214266,0.010703265075930037,0.08814939408121998
SLAKE_STAGE2_BANK16,116,False,0.004427963518537581,W1,0.006823123898357153,320,9.542111565968792,0.059322062879800797,0.27033649015029376,0.004770314338831947,0.0392871068372053
