cohort,condition,mode,role,panel,inputs,lost_correction,avoided_damage,introduced_damage,gained_correction
APR_OLD_STAGE3_COMMON7,C1,FORCED_ON,native,T0,6,6,0,0,0
APR_OLD_STAGE3_COMMON7,C1,RC_FIXED_OLD16,native,T0,6,6,0,0,0
APR_OLD_STAGE3_COMMON7,C2,FORCED_ON,native,T0,6,0,0,0,0
APR_OLD_STAGE3_COMMON7,C2,RC_FIXED_OLD16,native,T0,6,0,0,0,0
APR_OLD_STAGE3_COMMON7,C1,FORCED_ON,formal_development,T1G,22,22,0,0,0
APR_OLD_STAGE3_COMMON7,C1,RC_FIXED_OLD16,formal_development,T1G,22,15,0,0,0
APR_OLD_STAGE3_COMMON7,C2,FORCED_ON,formal_development,T1G,22,0,0,0,0
APR_OLD_STAGE3_COMMON7,C2,RC_FIXED_OLD16,formal_development,T1G,22,0,0,0,0
APR_OLD_STAGE3_COMMON7,C1,FORCED_ON,formal_development,T2G,23,18,0,0,1
APR_OLD_STAGE3_COMMON7,C1,RC_FIXED_OLD16,formal_development,T2G,23,18,0,0,1
APR_OLD_STAGE3_COMMON7,C2,FORCED_ON,formal_development,T2G,23,6,0,0,1
APR_OLD_STAGE3_COMMON7,C2,RC_FIXED_OLD16,formal_development,T2G,23,6,0,0,1
APR_OLD_STAGE3_COMMON7,C1,FORCED_ON,fit,positive,24,22,0,0,0
APR_OLD_STAGE3_COMMON7,C1,RC_FIXED_OLD16,fit,positive,24,22,0,0,0
APR_OLD_STAGE3_COMMON7,C2,FORCED_ON,fit,positive,24,0,0,0,0
APR_OLD_STAGE3_COMMON7,C2,RC_FIXED_OLD16,fit,positive,24,0,0,0,0
APR_OLD_STAGE3_COMMON7,C1,FORCED_ON,fit,H,16,2,0,0,0
APR_OLD_STAGE3_COMMON7,C1,RC_FIXED_OLD16,fit,H,16,0,0,0,0
APR_OLD_STAGE3_COMMON7,C2,FORCED_ON,fit,H,16,0,0,0,0
APR_OLD_STAGE3_COMMON7,C2,RC_FIXED_OLD16,fit,H,16,0,0,0,0
APR_OLD_STAGE3_COMMON7,C1,FORCED_ON,fit,U,39,3,3,0,1
APR_OLD_STAGE3_COMMON7,C1,RC_FIXED_OLD16,fit,U,39,0,0,0,0
APR_OLD_STAGE3_COMMON7,C2,FORCED_ON,fit,U,39,3,4,0,4
APR_OLD_STAGE3_COMMON7,C2,RC_FIXED_OLD16,fit,U,39,0,0,0,0
APR_OLD_STAGE3_COMMON7,C1,FORCED_ON,formal_development,T1L,10,2,4,0,0
APR_OLD_STAGE3_COMMON7,C1,RC_FIXED_OLD16,formal_development,T1L,10,1,0,0,0
APR_OLD_STAGE3_COMMON7,C2,FORCED_ON,formal_development,T1L,10,0,0,0,0
APR_OLD_STAGE3_COMMON7,C2,RC_FIXED_OLD16,formal_development,T1L,10,0,0,0,0
APR_OLD_STAGE3_COMMON7,C1,FORCED_ON,native,NATIVE_DIAGNOSTIC,1,1,0,0,0
APR_OLD_STAGE3_COMMON7,C1,RC_FIXED_OLD16,native,NATIVE_DIAGNOSTIC,1,1,0,0,0
APR_OLD_STAGE3_COMMON7,C2,FORCED_ON,native,NATIVE_DIAGNOSTIC,1,0,0,0,0
APR_OLD_STAGE3_COMMON7,C2,RC_FIXED_OLD16,native,NATIVE_DIAGNOSTIC,1,0,0,0,0
APR_OLD_STAGE3_COMMON7,C1,FORCED_ON,formal_development,T2L,2,0,0,0,0
APR_OLD_STAGE3_COMMON7,C1,RC_FIXED_OLD16,formal_development,T2L,2,0,0,0,0
APR_OLD_STAGE3_COMMON7,C2,FORCED_ON,formal_development,T2L,2,0,0,0,0
APR_OLD_STAGE3_COMMON7,C2,RC_FIXED_OLD16,formal_development,T2L,2,0,0,0,0
APR_SLAKE_STAGE2_BANK16,C1,FORCED_ON,native,T0,16,11,0,0,0
APR_SLAKE_STAGE2_BANK16,C1,RC_FIXED_OLD16,native,T0,16,11,0,0,0
APR_SLAKE_STAGE2_BANK16,C2,FORCED_ON,native,T0,16,0,0,0,0
APR_SLAKE_STAGE2_BANK16,C2,RC_FIXED_OLD16,native,T0,16,0,0,0,0
APR_SLAKE_STAGE2_BANK16,C1,FORCED_ON,fit,cross_family_confirmation,64,32,0,0,0
APR_SLAKE_STAGE2_BANK16,C1,RC_FIXED_OLD16,fit,cross_family_confirmation,64,32,0,0,0
APR_SLAKE_STAGE2_BANK16,C2,FORCED_ON,fit,cross_family_confirmation,64,0,0,0,0
APR_SLAKE_STAGE2_BANK16,C2,RC_FIXED_OLD16,fit,cross_family_confirmation,64,0,0,0,0
APR_SLAKE_STAGE2_BANK16,C1,FORCED_ON,evaluation,source_style_confirmation,32,5,0,0,0
APR_SLAKE_STAGE2_BANK16,C1,RC_FIXED_OLD16,evaluation,source_style_confirmation,32,5,0,0,0
APR_SLAKE_STAGE2_BANK16,C2,FORCED_ON,evaluation,source_style_confirmation,32,0,0,1,0
APR_SLAKE_STAGE2_BANK16,C2,RC_FIXED_OLD16,evaluation,source_style_confirmation,32,0,0,1,0
APR_SLAKE_STAGE2_BANK16,C1,FORCED_ON,evaluation,cross_family_confirmation,32,14,0,0,0
APR_SLAKE_STAGE2_BANK16,C1,RC_FIXED_OLD16,evaluation,cross_family_confirmation,32,14,0,0,0
APR_SLAKE_STAGE2_BANK16,C2,FORCED_ON,evaluation,cross_family_confirmation,32,0,0,0,0
APR_SLAKE_STAGE2_BANK16,C2,RC_FIXED_OLD16,evaluation,cross_family_confirmation,32,0,0,0,0
APR_SLAKE_STAGE2_BANK16,C1,FORCED_ON,fit,H,28,0,25,0,0
APR_SLAKE_STAGE2_BANK16,C1,RC_FIXED_OLD16,fit,H,28,0,0,0,0
APR_SLAKE_STAGE2_BANK16,C2,FORCED_ON,fit,H,28,0,19,0,1
APR_SLAKE_STAGE2_BANK16,C2,RC_FIXED_OLD16,fit,H,28,0,0,0,0
APR_SLAKE_STAGE2_BANK16,C1,FORCED_ON,evaluation,H,20,0,14,0,2
APR_SLAKE_STAGE2_BANK16,C1,RC_FIXED_OLD16,evaluation,H,20,0,0,0,0
APR_SLAKE_STAGE2_BANK16,C2,FORCED_ON,evaluation,H,20,0,8,0,1
APR_SLAKE_STAGE2_BANK16,C2,RC_FIXED_OLD16,evaluation,H,20,0,0,0,0
APR_SLAKE_STAGE2_BANK16,C1,FORCED_ON,fit,U,217,12,57,0,1
APR_SLAKE_STAGE2_BANK16,C1,RC_FIXED_OLD16,fit,U,217,0,0,0,0
APR_SLAKE_STAGE2_BANK16,C2,FORCED_ON,fit,U,217,7,44,2,3
APR_SLAKE_STAGE2_BANK16,C2,RC_FIXED_OLD16,fit,U,217,0,0,0,0
APR_SLAKE_STAGE2_BANK16,C1,FORCED_ON,evaluation,U,202,11,59,0,3
APR_SLAKE_STAGE2_BANK16,C1,RC_FIXED_OLD16,evaluation,U,202,0,0,0,0
APR_SLAKE_STAGE2_BANK16,C2,FORCED_ON,evaluation,U,202,9,38,3,5
APR_SLAKE_STAGE2_BANK16,C2,RC_FIXED_OLD16,evaluation,U,202,0,0,0,0
APR_SLAKE_STAGE2_BANK16,C1,FORCED_ON,challenge,same_answer_context_not_conflict,32,9,0,0,0
APR_SLAKE_STAGE2_BANK16,C1,RC_FIXED_OLD16,challenge,same_answer_context_not_conflict,32,0,0,0,0
APR_SLAKE_STAGE2_BANK16,C2,FORCED_ON,challenge,same_answer_context_not_conflict,32,0,0,0,0
APR_SLAKE_STAGE2_BANK16,C2,RC_FIXED_OLD16,challenge,same_answer_context_not_conflict,32,0,0,0,0
